Date,Name,Month,ProcessedName
06-16-2018,jailhouse,June,jailhouse
06-16-2018,sidewaysTravelPod,June,sideways Travel Pod
06-16-2018,withintheblastradiusUnifiedInOneSecond,June,withintheblastradius Unified In One Second
01-02-2019,alonewithsilenceFocusingOnTheFlowOfEverythingIntoYourMind,January,alonewithsilence Focusing On The Flow Of Everything Into Your Mind
01-02-2019,flamingolanesplasmadropletsLimeFlavorCoolWater,January,flamingolanesplasmadroplets Lime Flavor Cool Water
01-02-2019,foldedElectricOrnamentation,January,folded Electric Ornamentation
01-02-2019,milkabsorbedTearsOfTheRose,January,milkabsorbed Tears Of The Rose
01-02-2019,redtailwakeManufacturingCandyDrops,January,redtailwake Manufacturing Candy Drops
01-02-2019,splittingTheDrillTip,January,splitting The Drill Tip
01-02-2019,thegeneroustipofvenomPeacefullyRefilled,January,thegeneroustipofvenom Peacefully Refilled
01-02-2019,washinghardboiledeggsGreenHandleKnifeAccidentAndRedWatercolors,January,washinghardboiledeggs Green Handle Knife Accident And Red Watercolors
01-03-2019,theperceptionofburningoutWhenItIsJustPatience,January,theperceptionofburningout When It Is Just Patience
01-03-2019,risingwaxWonderingAboutYourBirthday,January,risingwax Wondering About Your Birthday
01-03-2019,pacingwithTonalTrees,January,pacingwith Tonal Trees
01-03-2019,adjustingtoCompromisedLungs,January,adjustingto Compromised Lungs
01-06-2019,lightpainresidue,January,lightpainresidue
01-06-2019,thegrowingpainGlossedWithTheClearSealant,January,thegrowingpain Glossed With The Clear Sealant
01-07-2019,restfulandtruthfulTheExposureOfTheOthersideHappens,January,restfulandtruthful The Exposure Of The Otherside Happens
01-07-2019,serratedserendipitySleepingSoftly,January,serratedserendipity Sleeping Softly
01-07-2019,theintersectionofNuclearFission,January,theintersectionof Nuclear Fission
01-07-2019,thestenchofmyselfTheRisingInfection,January,thestenchofmyself The Rising Infection
01-07-2019,watertocalmTheSerratedPulsation,January,watertocalm The Serrated Pulsation
01-10-2019,panicInTheDarkness,January,panic In The Darkness
01-10-2019,lavaoveriBeam,January,lavaoveri Beam
01-10-2019,inhaledIronMaiden,January,inhaled Iron Maiden
01-10-2019,exposureToTheEradiated,January,exposure To The Eradiated
01-10-2019,constrictedAirway,January,constricted Airway
01-10-2019,absorbingthetearsGrazingTheEdgeOfTodayAndTomorrow,January,absorbingthetears Grazing The Edge Of Today And Tomorrow
01-10-2019,breathingMeasels,January,breathing Measels
01-10-2019,cityAdvertisment,January,city Advertisment
01-11-2019,thestonemovedTheBreezyBigTopIsOpen,January,thestonemoved The Breezy Big Top Is Open
01-11-2019,opensearingsplitHoldingItTogether,January,opensearingsplit Holding It Together
01-11-2019,shirkingplasmaGoingOverTheTipToTheOutlet,January,shirkingplasma Going Over The Tip To The Outlet
01-11-2019,inthistransitioniwonderWhoWhatIsFriendship,January,inthistransitioniwonder Who What Is Friendship
01-11-2019,flyinsidethetubeExternallyDisplayed,January,flyinsidethetube Externally Displayed
01-11-2019,fishintheglassNotLookingForwardToDrinkingIt,January,fishintheglass Not Looking Forward To Drinking It
01-11-2019,depressionToothpaste,January,depression Toothpaste
01-11-2019,buildinguponTheSweepingDownwardProgression,January,buildingupon The Sweeping Downward Progression
01-11-2019,kelp,January,kelp
01-12-2019,thethrobbingcutwithradiationTheNewDayTheNewLifestyle,January,thethrobbingcutwithradiation The New Day The New Lifestyle
01-12-2019,snaketravelingTheGlassShreddedValley,January,snaketraveling The Glass Shredded Valley
01-12-2019,snakepatternFoldingIntoMyself,January,snakepattern Folding Into Myself
01-12-2019,singlewaterfallAdjacentThinRedLine,January,singlewaterfall Adjacent Thin Red Line
01-12-2019,endlessSponsoredElevator,January,endless Sponsored Elevator
01-12-2019,fallingpaintFromTheShelfAtHomeDepot,January,fallingpaint From The Shelf At Home Depot
01-12-2019,crabwiseBlueElectricity,January,crabwise Blue Electricity
01-12-2019,becomethecenteredeyeFeelingHumansStreamByLikeAnts,January,becomethecenteredeye Feeling Humans Stream By Like Ants
01-12-2019,thewindow,January,thewindow
01-12-2019,fallingpiecesTheWhiteoutSunExploded,January,fallingpieces The Whiteout Sun Exploded
01-12-2019,thewindowMorningDarkness,January,thewindow Morning Darkness
01-12-2019,watersplashingbackAsMyFingersHeritageDrips,January,watersplashingback As My Fingers Heritage Drips
01-19-2019,piecesofthesunFallingOnWaterDroplets,January,piecesofthesun Falling On Water Droplets
01-19-2019,layersofcottonAbsorbingTheSunburst,January,layersofcotton Absorbing The Sunburst
01-20-2019,curtainTransaction02,January,curtain Transaction 0 2
01-20-2019,wiresKeepTheHeartMoving2,January,wires Keep The Heart Moving 2
01-20-2019,wiresKeepTheHeartMoving01,January,wires Keep The Heart Moving 0 1
01-20-2019,timelapseGrains,January,timelapse Grains
01-20-2019,thewineclimbingupThePaperTowel,January,thewineclimbingup The Paper Towel
01-20-2019,theobeliskofMercury,January,theobeliskof Mercury
01-20-2019,missingpipecurve03,January,missingpipecurve 0 3
01-20-2019,missingpipecurve02,January,missingpipecurve 0 2
01-20-2019,morselsofrunoffPoolingUnderTheFloorGeneratingMold,January,morselsofrunoff Pooling Under The Floor Generating Mold
01-20-2019,meltingGradientTape,January,melting Gradient Tape
01-20-2019,missingpipecurve01,January,missingpipecurve 0 1
01-20-2019,curtainTransaction01,January,curtain Transaction 0 1
01-20-2019,copperdots,January,copperdots
01-20-2019,applyingGradientTape,January,applying Gradient Tape
01-20-2019,curtainTransaction03,January,curtain Transaction 0 3
01-20-2019,gradientTape,January,gradient Tape
01-20-2019,lookingupfromthepool,January,lookingupfromthepool
01-21-2019,cuttingcantaloupe,January,cuttingcantaloupe
01-21-2019,artfullybreatheControlledChaos,January,artfullybreathe Controlled Chaos
01-22-2019,wheneverythingfeelsright,January,wheneverythingfeelsright
01-22-2019,tryinglemonlimeforthefirsttime,January,tryinglemonlimeforthefirsttime
01-22-2019,ovalPuzzle,January,oval Puzzle
01-22-2019,continualLaddering,January,continual Laddering
01-22-2019,boostedThroughTheGums,January,boosted Through The Gums
01-22-2019,blissfullyfallingintothecrackExpandingToBridgeTheGap,January,blissfullyfallingintothecrack Expanding To Bridge The Gap
01-22-2019,upcloseandnextToYouBreathing,January,upcloseandnext To You Breathing
01-22-2019,wovenKnit01,January,woven Knit 0 1
01-22-2019,wovenKnit02,January,woven Knit 0 2
01-23-2019,thereachandtrySlippingGreaseGrip-long,January,thereachandtry Slipping Grease Grip-long
01-23-2019,flavorLiquefaction,January,flavor Liquefaction
01-23-2019,gazingsandwithtealhighlightsCastUponByTheExplosiveRubySun,January,gazingsandwithtealhighlights Cast Upon By The Explosive Ruby Sun
01-23-2019,givingawaymyselfForABetterTomorrow-long,January,givingawaymyself For A Better Tomorrow-long
01-23-2019,givingawaymyselfForABetterTomorrow,January,givingawaymyself For A Better Tomorrow
01-23-2019,mindfulfacesPickingDespairOrEndorsement,January,mindfulfaces Picking Despair Or Endorsement
01-23-2019,thehalfcircleInsideTheEvolvingSquare,January,thehalfcircle Inside The Evolving Square
01-23-2019,theinfinitesimalPedestal,January,theinfinitesimal Pedestal
01-23-2019,thereachandtrySlippingGreaseGrip,January,thereachandtry Slipping Grease Grip
02-20-2019,healthyleavesEmbeddedInTheFrozenWaterfallOfTears,February,healthyleaves Embedded In The Frozen Waterfall Of Tears
02-20-2019,alldecisionsareunknowinglyChaperonedByPredeterminedDecisions,February,alldecisionsareunknowingly Chaperoned By Predetermined Decisions
02-20-2019,arterialLungBacteria01,February,arterial Lung Bacteria 0 1
02-20-2019,arterialLungBacteria02,February,arterial Lung Bacteria 0 2
02-22-2019,disentangledFroth,February,disentangled Froth
02-22-2019,alwaysreadbetweenthelinesAndDrawOutsideThem,February,alwaysreadbetweenthelines And Draw Outside Them
02-22-2019,bloodmoonRevertedWaterMountainMistResidue,February,bloodmoon Reverted Water Mountain Mist Residue
02-22-2019,sharingfilmeditsBetweenReelsAndJudgement,February,sharingfilmedits Between Reels And Judgement
02-22-2019,trailingCandySunscreen,February,trailing Candy Sunscreen
02-22-2019,bigtopByway01,February,bigtop Byway 0 1
02-22-2019,jak2,February,jak 2
02-22-2019,lefthandSignature,February,lefthand Signature
02-22-2019,bigtopByway02,February,bigtop Byway 0 2
02-22-2019,squish,February,squish
02-22-2019,thawingRushlight,February,thawing Rushlight
02-22-2019,yourconversationaltouchCreateTheNewFurrowOfCuriosityAndGradualDepression,February,yourconversationaltouch Create The New Furrow Of Curiosity And Gradual Depression
02-22-2019,thepaintingcreatesitselfAndMyselfThePawn01,February,thepaintingcreatesitself And Myself The Pawn 0 1
02-22-2019,thepaintingcreatesitselfAndMyselfThePawn02,February,thepaintingcreatesitself And Myself The Pawn 0 2
02-23-2019,waterStolidity,February,water Stolidity
02-23-2019,abatingStarline,February,abating Starline
02-23-2019,cardinalmorningLightupSeaworm,February,cardinalmorning Lightup Seaworm
02-23-2019,enkindletouchiceSlash,February,enkindletouchice Slash
02-23-2019,rememberingwhenthedoctorHeldMeDownForTesting,February,rememberingwhenthedoctor Held Me Down For Testing
02-23-2019,scratchSlash,February,scratch Slash
02-23-2019,traversingTheMesa,February,traversing The Mesa
02-23-2019,twoprongSlash,February,twoprong Slash
02-24-2019,thevariouspliesOfPersonalityAndWonder,February,thevariousplies Of Personality And Wonder
02-24-2019,takingitallinallthetimeStartsTheProcessOfMacerating,February,takingitallinallthetime Starts The Process Of Macerating
02-24-2019,persistentpaininthebackgroundAsTheDeglovedHeals,February,persistentpaininthebackground As The Degloved Heals
02-24-2019,iceForTheDegloved,February,ice For The Degloved
02-24-2019,donatingbloodandboneForMySister,February,donatingbloodandbone For My Sister
02-24-2019,deliquescentAchilles,February,deliquescent Achilles
02-24-2019,chewingonMauvePearls,February,chewingon Mauve Pearls
02-24-2019,theonlytoothinyourhead,February,theonlytoothinyourhead
03-03-2019,cataract,March,cataract
03-03-2019,flowingGrowth,March,flowing Growth
03-03-2019,flowingGrowth-long,March,flowing Growth-long
03-03-2019,firingbetweenLandmarkMomentNeurons02,March,firingbetween Landmark Moment Neurons 0 2
03-03-2019,evenfallCoverture-long,March,evenfall Coverture-long
03-03-2019,evenfallCoverture,March,evenfall Coverture
03-03-2019,easingintheneedle,March,easingintheneedle
03-03-2019,firingbetweenLandmarkMomentNeurons,March,firingbetween Landmark Moment Neurons
03-04-2019,giftingmyselfAbsorbedAndHatingIt,March,giftingmyself Absorbed And Hating It
03-04-2019,platforms,March,platforms
03-05-2019,organAirPounch,March,organ Air Pounch
03-05-2019,starry180cyclone,March,starry 1 8 0cyclone
03-05-2019,neglectReadTheCurve,March,neglect Read The Curve
03-05-2019,lungfluidCollapsingSuccinctReality,March,lungfluid Collapsing Succinct Reality
03-05-2019,inkfromyourobservationsPullingMeDownAndExposingMeToTheDarkDesert,March,inkfromyourobservations Pulling Me Down And Exposing Me To The Dark Desert
03-05-2019,handsfromtheotherregionreachingTryingToTakeYouAwayAndYouAreOkWithIt,March,handsfromtheotherregionreaching Trying To Take You Away And You Are Ok With It
03-21-2019,uncoverTheCoveredSensitivity,March,uncover The Covered Sensitivity
03-21-2019,phlegmPartingPastelWater,March,phlegm Parting Pastel Water
03-21-2019,opticalscannerMolecularFactoryDesigner01,March,opticalscanner Molecular Factory Designer 0 1
03-21-2019,uncoverTheCoveredSensitivity-long,March,uncover The Covered Sensitivity-long
03-21-2019,illuminatedbricksKnockThemOutAndReachInside,March,illuminatedbricks Knock Them Out And Reach Inside
03-21-2019,guamGeometry,March,guam Geometry
03-21-2019,asyoushiverLetTheFeverRiseWithIntent,March,asyoushiver Let The Fever Rise With Intent
03-21-2019,olecularFactoryDesigner02,March,olecular Factory Designer 0 2
03-23-2019,pripyatPhantoms02,March,pripyat Phantoms 0 2
03-23-2019,waterGratting,March,water Gratting
03-23-2019,timezone03,March,timezone 0 3
03-23-2019,timezone02,March,timezone 0 2
03-23-2019,timezone,March,timezone
03-23-2019,thelightofthelineAndMindsBehind,March,thelightoftheline And Minds Behind
03-23-2019,theawarenessoffutilityEvolvingAsTheVenomCausesYourAirwaysToAdapt,March,theawarenessoffutility Evolving As The Venom Causes Your Airways To Adapt
03-23-2019,pripyatPhantoms01,March,pripyat Phantoms 0 1
03-23-2019,offsideshootingsensationCausedByTheBlueHeatMist,March,offsideshootingsensation Caused By The Blue Heat Mist
03-23-2019,ontogenesis,March,ontogenesis
03-23-2019,predawnemeraldessenceShadedByTheVileOfBloodYouLeftOnTheStreet,March,predawnemeraldessence Shaded By The Vile Of Blood You Left On The Street
03-23-2019,linesleadtotrianglesFocusOnTheGimmickSubmergedWithinTheMovingPanorama,March,linesleadtotriangles Focus On The Gimmick Submerged Within The Moving Panorama
03-23-2019,interposinggrazeEnarthrosisCuriousity,March,interposinggraze Enarthrosis Curiousity
03-23-2019,illuminatedbeachpylonsLeadingToTheFinalChapter,March,illuminatedbeachpylons Leading To The Final Chapter
03-23-2019,doffingFleece,March,doffing Fleece
03-23-2019,combustionBlueHeatMist,March,combustion Blue Heat Mist
03-23-2019,becomingcloudsTheBlueHeatMistIsReadyToBreathe,March,becomingclouds The Blue Heat Mist Is Ready To Breathe
03-26-2019,thepalmShatteringStainedArrangements,March,thepalm Shattering Stained Arrangements
03-26-2019,thebeautyofinhalingpaint,March,thebeautyofinhalingpaint
03-26-2019,tankbottomGlassChevalWaterFerns,March,tankbottom Glass Cheval Water Ferns
03-26-2019,interspersedbootlegrealitiesProvidedByPeopleInDenial,March,interspersedbootlegrealities Provided By People In Denial
03-26-2019,interspersedbootlegrealitiesProvidedByPeopleInDenial-long,March,interspersedbootlegrealities Provided By People In Denial-long
03-26-2019,blackmambastillness,March,blackmambastillness
03-26-2019,kineticlightEnergizingTheFlowerBed,March,kineticlight Energizing The Flower Bed
03-31-2019,desquamatingFromSteam,March,desquamating From Steam
03-31-2019,fludeliriumStripedFlavorInjection,March,fludelirium Striped Flavor Injection
04-03-2019,stiffStretching,April,stiff Stretching
04-03-2019,tonyskneecapremovalRemberingWhatItFeltLikeToWalk,April,tonyskneecapremoval Rembering What It Felt Like To Walk
04-03-2019,theaspicrefractureExposingTheSensitivityAndVulernabilityOfBeingTooBrightsohidewithahoodheaddown,April,theaspicrefracture Exposing The Sensitivity And Vulernability Of Being Too Brightsohidewithahoodheaddown
04-03-2019,slinkingfacialcuesPouringBackwards,April,slinkingfacialcues Pouring Backwards
04-03-2019,blackoceandonationDisconnectedChumAndTendons,April,blackoceandonation Disconnected Chum And Tendons
04-03-2019,purlingwaterinterfaceCreatedByTheLastTwitch,April,purlingwaterinterface Created By The Last Twitch
04-03-2019,myfatherslosteyefromchildhood,April,myfatherslosteyefromchildhood
04-03-2019,curiosityandextensionCaressingTheSmokeyMistOfTheLakeamonsterslure,April,curiosityandextension Caressing The Smokey Mist Of The Lakeamonsterslure
04-03-2019,removeyourselfWatchFromAboveLikeTheHiddenGhostwriter,April,removeyourself Watch From Above Like The Hidden Ghostwriter
05-02-2019,theconvenienttearsofIntimacyWithdrawal,May,theconvenienttearsof Intimacy Withdrawal
05-02-2019,afterduskFoliageSmoke,May,afterdusk Foliage Smoke
05-02-2019,agreeduponbluecolumnsNotedWithExceptionalQuestions,May,agreeduponbluecolumns Noted With Exceptional Questions
05-02-2019,bluemirrorPlainStrawberry,May,bluemirror Plain Strawberry
05-02-2019,duplicitousPockmark,May,duplicitous Pockmark
05-02-2019,expellingnuclearwasteWithVelocity,May,expellingnuclearwaste With Velocity
05-02-2019,morningroseDissolvedByTheSky,May,morningrose Dissolved By The Sky
05-02-2019,patienceinthewaitingroom,May,patienceinthewaitingroom
05-02-2019,stenchVibe,May,stench Vibe
05-02-2019,mountainVillage,May,mountain Village
05-05-2019,waxSwathe,May,wax Swathe
05-05-2019,clawrequisitionHarnessingElectricityAndGainingMomentum,May,clawrequisition Harnessing Electricity And Gaining Momentum
05-05-2019,creatingCloudsOfLight,May,creating Clouds Of Light
05-05-2019,exaltation,May,exaltation
05-05-2019,mashedCynosure,May,mashed Cynosure
05-05-2019,onewaytoEncourageTheFlamesToRise,May,onewayto Encourage The Flames To Rise
05-05-2019,thedocilenatureofthegrassShimmeringLikeABladeInTheDarkness,May,thedocilenatureofthegrass Shimmering Like A Blade In The Darkness
05-05-2019,waitingtogoSpillOverTheFold,May,waitingtogo Spill Over The Fold
05-06-2019,exaltation02,May,exaltation 0 2
05-06-2019,payphoneLeftHanging,May,payphone Left Hanging
05-06-2019,theemblem,May,theemblem
05-06-2019,marblingwithdrapesFormingTheEmblem,May,marblingwithdrapes Forming The Emblem
05-06-2019,waitinginthelightforthetide,May,waitinginthelightforthetide
05-06-2019,constructingTheEmblem,May,constructing The Emblem
05-06-2019,lightscanningShellsForMinerals,May,lightscanning Shells For Minerals
05-06-2019,underthetissues,May,underthetissues
05-06-2019,exaltation03,May,exaltation 0 3
05-08-2019,massage01,May,massage 0 1
05-08-2019,compressedcrushHopingToSplinterTheBlueSapphireConnectiveTissue,May,compressedcrush Hoping To Splinter The Blue Sapphire Connective Tissue
05-08-2019,variationsInEmotions,May,variations In Emotions
05-08-2019,threadedpithing,May,threadedpithing
05-08-2019,massage02,May,massage 0 2
05-08-2019,hook,May,hook
05-09-2019,muscleliquefactionARS02,May,muscleliquefaction A R S 0 2
05-09-2019,muscleliquefactionARS01,May,muscleliquefaction A R S 0 1
05-09-2019,meltingdownAllTheDefeatedCandlewicks,May,meltingdown All The Defeated Candlewicks
05-09-2019,curiouslytouchinggraphitePiercingALifetimeIn90Seconds,May,curiouslytouchinggraphite Piercing A Lifetime In 9 0 Seconds
05-09-2019,curiouslytouchinggraphitePiercingALifetime,May,curiouslytouchinggraphite Piercing A Lifetime
05-09-2019,reviewingthelastingNotesLeftByTheGhost,May,reviewingthelasting Notes Left By The Ghost
05-11-2019,alignedandbentsteelAbradingAndExposingTheTrueElementsOfStrength,May,alignedandbentsteel Abrading And Exposing The True Elements Of Strength
05-26-2019,bloodsplashonthegrave,May,bloodsplashonthegrave
05-26-2019,bluenotepromo01,May,bluenotepromo 0 1
05-26-2019,feedbackAnimation,May,feedback Animation
05-26-2019,passingthroughtofindTheBlackGlassLakeAndTheRubyMoonsReflection,May,passingthroughtofind The Black Glass Lake And The Ruby Moons Reflection
05-26-2019,possibleSaints,May,possible Saints
05-26-2019,slopededgeOnTheCurl,May,slopededge On The Curl
05-26-2019,swordfishvirusAnatomy,May,swordfishvirus Anatomy
05-26-2019,archives,May,archives
06-17-2019,addingpatternsUntilItFliesAway,June,addingpatterns Until It Flies Away
06-17-2019,thewallpaperchangeddirection,June,thewallpaperchangeddirection
06-17-2019,singleadditionFeedbackReaction,June,singleaddition Feedback Reaction
06-17-2019,emergencynotificationBacteriaEnteringCut,June,emergencynotification Bacteria Entering Cut
06-17-2019,feelinglikeMulderInTheVent,June,feelinglike Mulder In The Vent
06-17-2019,curingTheDisease,June,curing The Disease
06-17-2019,losingBalance,June,losing Balance
06-18-2019,auditingFilmReels,June,auditing Film Reels
06-18-2019,cancellingmyselfouFallingThroughGlassRodsThatActAsCurtains,June,cancellingmyselfou Falling Through Glass Rods That Act As Curtains
06-18-2019,focalpointRageStress,June,focalpoint Rage Stress
06-18-2019,conncetingthelinesStartingWithAnAsterisk,June,conncetingthelines Starting With An Asterisk
06-18-2019,glowstickOnTheClothesline,June,glowstick On The Clothesline
06-18-2019,illuminatedDreamRunway,June,illuminated Dream Runway
06-18-2019,kneecapimpactRangeDisplay,June,kneecapimpact Range Display
06-18-2019,razorpressedFingerprint,June,razorpressed Fingerprint
06-18-2019,thedayjohnLostHisEye,June,thedayjohn Lost His Eye
06-18-2019,thementalarchitectureIntimacyOfArtificialIntelligence,June,thementalarchitecture Intimacy Of Artificial Intelligence
06-18-2019,circledbirdLetGoWithinTheLines,June,circledbird Let Go Within The Lines
06-18-2019,tryingtorecallflowersAsTheBlanknessEnvelops,June,tryingtorecallflowers As The Blankness Envelops
06-18-2019,virutalBookmark,June,virutal Bookmark
06-21-2019,waitingforTheTape,June,waitingfor The Tape
06-21-2019,alternateroutesNoticedInTheElevator,June,alternateroutes Noticed In The Elevator
06-21-2019,beingcalledfromthedarknessaboveToAscendIntoTheConstellation,June,beingcalledfromthedarknessabove To Ascend Into The Constellation
06-21-2019,constellationDuringDaytimeHours,June,constellation During Daytime Hours
06-21-2019,glassScales,June,glass Scales
06-21-2019,slyandsmoothTheCageClosesWithoutYouKnowing,June,slyandsmooth The Cage Closes Without You Knowing
06-21-2019,themovinglakeOutsideTheTent,June,themovinglake Outside The Tent
06-21-2019,thestairsbuildexponentiallyOnceYouChooseTheFloor,June,thestairsbuildexponentially Once You Choose The Floor
06-25-2019,arch2umbrella,June,arch 2umbrella
06-25-2019,cameracapsulePlanetDarkside,June,cameracapsule Planet Darkside
06-25-2019,constructingCuriousCaps,June,constructing Curious Caps
06-25-2019,dontbelieveyoureyes,June,dontbelieveyoureyes
06-25-2019,endlessgraphitepillarsTheDesignOfStarwellRotator,June,endlessgraphitepillars The Design Of Starwell Rotator
06-25-2019,galaxyMice,June,galaxy Mice
06-25-2019,galaxyAntennae ,June,galaxy Antennae 
06-25-2019,insideawveTryingToGetToTheSurfaceAgain,June,insideawve Trying To Get To The Surface Again
06-25-2019,lookingdownasiWalkAcrossTheFalls,June,lookingdownasi Walk Across The Falls
06-25-2019,motionPictures,June,motion Pictures
06-25-2019,steepStairway,June,steep Stairway
06-25-2019,thebalanceofelectricityTheCompositionOfActiveElements,June,thebalanceofelectricity The Composition Of Active Elements
06-25-2019,thelightstravelingThroughTheSolidCrack,June,thelightstraveling Through The Solid Crack
06-25-2019,travelfarintoTheDot,June,travelfarinto The Dot
06-25-2019,waitingouttheangerUntilTheRibbonAppearsthencutit,June,waitingouttheanger Until The Ribbon Appearsthencutit
06-25-2019,engenderhurricanesTheWeatherMachineBroadcastCorporationInc,June,engenderhurricanes The Weather Machine Broadcast Corporation Inc
06-26-2019,nowinsidethetranslucentbeast,June,nowinsidethetranslucentbeast
06-26-2019,pullingupmyeyes,June,pullingupmyeyes
06-26-2019,seasonalshiftsOutliningFallenBlueFeathersFromMigration,June,seasonalshifts Outlining Fallen Blue Feathers From Migration
06-26-2019,shreddingGummies,June,shredding Gummies
06-26-2019,theglowingpersistenceFromSpinalPain01,June,theglowingpersistence From Spinal Pain 0 1
06-26-2019,tuning01,June,tuning 0 1
06-26-2019,theplaneoflightilluminatedwhenwearrivedTheRedBridgeLayAboveAnEmptyCavernOfGemstones,June,theplaneoflightilluminatedwhenwearrived The Red Bridge Lay Above An Empty Cavern Of Gemstones
06-26-2019,therunway,June,therunway
06-26-2019,thestrings,June,thestrings
06-26-2019,miamiBlades,June,miami Blades
06-26-2019,thetouchcontinuestolast,June,thetouchcontinuestolast
06-26-2019,theglowingpersistenceFromSpinalPain02,June,theglowingpersistence From Spinal Pain 0 2
06-26-2019,CONCERTOabsorbingphlegmaticbatteryacidasitrytoslowthepaceWitheredBreathingOnTheShipThatLostSightOfTheLighouseMirage03,June,C O N C E R T Oabsorbingphlegmaticbatteryacidasitrytoslowthepace Withered Breathing On The Ship That Lost Sight Of The Lighouse Mirage 0 3
06-26-2019,CONCERTOabsorbingphlegmaticbatteryacidasitrytoslowthepaceWitheredBreathingOnTheShipThatLostSightOfTheLighouseMirage02,June,C O N C E R T Oabsorbingphlegmaticbatteryacidasitrytoslowthepace Withered Breathing On The Ship That Lost Sight Of The Lighouse Mirage 0 2
06-26-2019,jumpingFences,June,jumping Fences
06-26-2019,CONCERTOabsorbingphlegmaticbatteryacidasitrytoslowthepaceWitheredBreathingOnTheShipThatLostSightOfTheLighouseMirage01,June,C O N C E R T Oabsorbingphlegmaticbatteryacidasitrytoslowthepace Withered Breathing On The Ship That Lost Sight Of The Lighouse Mirage 0 1
06-26-2019,CONCERTOabsorbingphlegmaticbatteryacidasitrytoslowthepaceWitheredBreathingOnTheShipThatLostSightOfTheLighouseMirage04,June,C O N C E R T Oabsorbingphlegmaticbatteryacidasitrytoslowthepace Withered Breathing On The Ship That Lost Sight Of The Lighouse Mirage 0 4
06-28-2019,sandfallingBetweenOurFingers,June,sandfalling Between Our Fingers
06-28-2019,inverseRiptideUnraveling,June,inverse Riptide Unraveling
06-28-2019,forcefullydrainingTheAbsessOfDepression,June,forcefullydraining The Absess Of Depression
06-28-2019,enjoyingthebutteryflypiercingmyskinAllowingYourselfToBeCollected,June,enjoyingthebutteryflypiercingmyskin Allowing Yourself To Be Collected
06-28-2019,vectorPulling,June,vector Pulling
06-28-2019,tryingtoopenTheBearBackpackCache,June,tryingtoopen The Bear Backpack Cache
07-14-2019,phiz,July,phiz
07-14-2019,putrefactiveArch,July,putrefactive Arch
07-14-2019,Holothuroidea,July,Holothuroidea
07-14-2019,bilateralPersonalitySplit,July,bilateral Personality Split
07-14-2019,comicCartography,July,comic Cartography
07-14-2019,daystar,July,daystar
07-14-2019,kitUtilities,July,kit Utilities
07-14-2019,pondbacteriaInfectingHairFollicles,July,pondbacteria Infecting Hair Follicles
07-15-2019,groundfloorForSeaweedAndClams,July,groundfloor For Seaweed And Clams
07-15-2019,coolranchBubbleGumTaffy,July,coolranch Bubble Gum Taffy
07-15-2019,greenKerosene,July,green Kerosene
07-15-2019,hiddenparasiticfalloutunravelingOnYourScreenDuringBreakfast01,July,hiddenparasiticfalloutunraveling On Your Screen During Breakfast 0 1
07-15-2019,eclipseOverLosAngeles,July,eclipse Over Los Angeles
07-15-2019,hiddenparasiticfalloutunravelingOnYourScreenDuringBreakfast02,July,hiddenparasiticfalloutunraveling On Your Screen During Breakfast 0 2
07-15-2019,theblueflowerofdelicateoptimism,July,theblueflowerofdelicateoptimism
07-15-2019,poolslateRestingOnStucco,July,poolslate Resting On Stucco
07-19-2019,tentaculum,July,tentaculum
07-19-2019,thecountenanceWhenThePianoPlaysInTheMorning,July,thecountenance When The Piano Plays In The Morning
07-19-2019,thatflounceMultiple,July,thatflounce Multiple
07-19-2019,thatflounce,July,thatflounce
07-19-2019,notionsofrooftopgraphite,July,notionsofrooftopgraphite
07-19-2019,movingStaircase,July,moving Staircase
07-19-2019,inhalemoldFeelNaturalLove,July,inhalemold Feel Natural Love
07-19-2019,hantmetamorphoseStrikethroughRoster,July,hantmetamorphose Strikethrough Roster
07-20-2019,framesuponthebridgeMonitoringTheMonitorsMonitoring,July,framesuponthebridge Monitoring The Monitors Monitoring
07-20-2019,floatingindecision,July,floatingindecision
07-20-2019,chemicalSlushFund02,July,chemical Slush Fund 0 2
07-20-2019,chemicalSlushFund01,July,chemical Slush Fund 0 1
07-22-2019,tester01,July,tester 0 1
07-22-2019,circularEnvelope,July,circular Envelope
07-22-2019,uncoveredpassageSurroundedByLiquidFire,July,uncoveredpassage Surrounded By Liquid Fire
07-22-2019,watersequesteringTheOpening,July,watersequestering The Opening
07-23-2019,timelapseWeatherPatterns,July,timelapse Weather Patterns
07-23-2019,curiousAmoeboid01,July,curious Amoeboid 0 1
07-23-2019,curiousAmoeboid02,July,curious Amoeboid 0 2
07-23-2019,curiousAmoeboid03,July,curious Amoeboid 0 3
07-23-2019,curiousAmoeboid04,July,curious Amoeboid 0 4
07-23-2019,curiousAmoeboid05,July,curious Amoeboid 0 5
07-23-2019,evolvingBlowfish,July,evolving Blowfish
07-23-2019,pacingTelescopicVision,July,pacing Telescopic Vision
07-23-2019,theseenTheUnseen,July,theseen The Unseen
07-23-2019,tryingtowalkdownthehallwayBlobsKeepBlockingTheWay,July,tryingtowalkdownthehallway Blobs Keep Blocking The Way
07-23-2019,universalutilityataglanceTheSpoon,July,universalutilityataglance The Spoon
07-23-2019,asimplemethodfortransitioningawayfromyourcommonality,July,asimplemethodfortransitioningawayfromyourcommonality
07-23-2019,coldsensualslashesBrandingTheSapphire,July,coldsensualslashes Branding The Sapphire
07-27-2019,dodgecaravanBumperProduction03,July,dodgecaravan Bumper Production 0 3
07-27-2019,dodgecaravanBumperProduction02,July,dodgecaravan Bumper Production 0 2
07-27-2019,dodgecaravanBumperProduction01,July,dodgecaravan Bumper Production 0 1
07-29-2019,TheGolfNetwork,July,The Golf Network
07-29-2019,circularFan,July,circular Fan
07-29-2019,thelazyeyedviperWouldLikeToAskQuestions,July,thelazyeyedviper Would Like To Ask Questions
07-30-2019,snowExcision,July,snow Excision
07-30-2019,spindriftOrbs,July,spindrift Orbs
07-30-2019,thetipofalludedfantasySeenInTheBlinds,July,thetipofalludedfantasy Seen In The Blinds
07-30-2019,whiteheatFeelsLikeHome,July,whiteheat Feels Like Home
07-30-2019,castedClock02,July,casted Clock 0 2
07-30-2019,chippingempathyPenumbra,July,chippingempathy Penumbra
07-30-2019,movingdownWatchingTheHandMove,July,movingdown Watching The Hand Move
07-30-2019,castedClock01,July,casted Clock 0 1
07-30-2019,sawedcloudsIntervenedByTheRedBridge,July,sawedclouds Intervened By The Red Bridge
07-30-2019,propellerUmbrella,July,propeller Umbrella
07-30-2019,orangeandcreamSuspendedLineDessert,July,orangeandcream Suspended Line Dessert
08-01-2019,skiving02,August,skiving 0 2
08-01-2019,skiving01,August,skiving 0 1
08-01-2019,pushingagainstthelinePullingAwayFromSanityAsTheSicknessPeaks,August,pushingagainsttheline Pulling Away From Sanity As The Sickness Peaks
08-01-2019,mygrowingtensionWatchingYouChewAndLaugh,August,mygrowingtension Watching You Chew And Laugh
08-01-2019,monitoringthepinkskyfilledwithsnowBehindShinyBarsCaughtInCardboard,August,monitoringthepinkskyfilledwithsnow Behind Shiny Bars Caught In Cardboard
08-01-2019,filteringandcontrollingemotionUsingMutexes02,August,filteringandcontrollingemotion Using Mutexes 0 2
08-01-2019,spiralWindowCleaner02,August,spiral Window Cleaner 0 2
08-01-2019,spiralWindowCleaner01,August,spiral Window Cleaner 0 1
08-01-2019,tworaysofhopeAsTheRestOfYourTrustBoilsOff,August,tworaysofhope As The Rest Of Your Trust Boils Off
08-01-2019,filteringandcontrollingemotionUsingMutexes01,August,filteringandcontrollingemotion Using Mutexes 0 1
08-03-2019,acceleratedSunburns,August,accelerated Sunburns
08-03-2019,auntiescigarettesmokeDefinedAndSplitByTheSunlightStreamingThroughTheDriversideWindow,August,auntiescigarettesmoke Defined And Split By The Sunlight Streaming Through The Driverside Window
08-03-2019,automatedPassionBlinders,August,automated Passion Blinders
08-03-2019,coffeestainconversations,August,coffeestainconversations
08-03-2019,singleVertigo,August,single Vertigo
08-03-2019,thesunabsorbingnutrientsFromTheHumansBelow,August,thesunabsorbingnutrients From The Humans Below
08-03-2019,quadVertigo,August,quad Vertigo
08-03-2019,tearEmbers,August,tear Embers
08-04-2019,furnaceDial,August,furnace Dial
08-04-2019,lungxray,August,lungxray
08-04-2019,measuredslopedrainage,August,measuredslopedrainage
08-04-2019,twopercentblues,August,twopercentblues
08-04-2019,thetelevisionchangesitself,August,thetelevisionchangesitself
08-07-2019,repeatedlysnappingmytibiaInTheGlitchedMemoryBuffer,August,repeatedlysnappingmytibia In The Glitched Memory Buffer
08-07-2019,redSands,August,red Sands
08-07-2019,peachySquareMolding,August,peachy Square Molding
08-07-2019,sandyCurves,August,sandy Curves
08-07-2019,postcardVariety,August,postcard Variety
08-07-2019,screensaver03,August,screensaver 0 3
08-07-2019,screensaver02,August,screensaver 0 2
08-07-2019,paintWithSpray,August,paint With Spray
08-07-2019,screensaverTheDraggedSquarePieceOfGlass,August,screensaver The Dragged Square Piece Of Glass
08-07-2019,theeyeinsidethecavern,August,theeyeinsidethecavern
08-07-2019,thejaws,August,thejaws
08-07-2019,turningTrowel,August,turning Trowel
08-07-2019,screensaver01,August,screensaver 0 1
08-07-2019,mentalHoops02,August,mental Hoops 0 2
08-07-2019,MountainHawkEagles,August,Mountain Hawk Eagles
08-07-2019,jaggedplasmaUnleashedByTheScab,August,jaggedplasma Unleashed By The Scab
08-07-2019,MountainHawkEagle,August,Mountain Hawk Eagle
08-07-2019,carvingroadsFromTheSideOfTheMountain,August,carvingroads From The Side Of The Mountain
08-07-2019,dmtBuzzsaw,August,dmt Buzzsaw
08-07-2019,mentalHoops,August,mental Hoops
08-07-2019,fromthewallofstaticBecomesTheWaterDrain,August,fromthewallofstatic Becomes The Water Drain
08-07-2019,glowingPaper,August,glowing Paper
08-07-2019,greenPinkAndPinch,August,green Pink And Pinch
08-07-2019,drainingTheRedSands,August,draining The Red Sands
08-08-2019,vinylLP,August,vinyl L P
08-08-2019,hackedhexBendingTheDisplayDriver,August,hackedhex Bending The Display Driver
08-08-2019,forgeLathe,August,forge Lathe
08-08-2019,desperatelytryingtorepairTornMentalLigaments,August,desperatelytryingtorepair Torn Mental Ligaments
08-08-2019,deepseahammerheadTryingToBreakthroughTheTelevsionPlane,August,deepseahammerhead Trying To Breakthrough The Televsion Plane
08-08-2019,carbonsteelShavings,August,carbonsteel Shavings
08-08-2019,blemishedvisionLookingThroughTheTurbine,August,blemishedvision Looking Through The Turbine
08-09-2019,peregrination,August,peregrination
08-09-2019,thesinglebluemountain,August,thesinglebluemountain
08-09-2019,thesinglegreenmountain,August,thesinglegreenmountain
08-09-2019,thesingleorangemountain,August,thesingleorangemountain
08-09-2019,theyaskedaquestionThenILostContact,August,theyaskedaquestion Then I Lost Contact
08-09-2019,regainingvisioninmyonegoodeye,August,regainingvisioninmyonegoodeye
08-09-2019,reformattingTheSlyvan,August,reformatting The Slyvan
08-09-2019,theonlystripedmountain,August,theonlystripedmountain
08-09-2019,thesawsharksEmanatingElectricalEssence,August,thesawsharks Emanating Electrical Essence
08-09-2019,lookingatthesunwithoneeye,August,lookingatthesunwithoneeye
08-09-2019,buffedPaperTowel,August,buffed Paper Towel
08-09-2019,bethereThenDropAnotherLevel,August,bethere Then Drop Another Level
08-09-2019,cleaningupTheLastBit,August,cleaningup The Last Bit
08-13-2019,unbuckledandclimbingdownTheTelephonePole,August,unbuckledandclimbingdown The Telephone Pole
08-13-2019,trustbreakawayReadyToInjectConfusion,August,trustbreakaway Ready To Inject Confusion
08-13-2019,pausedgunkslideTarryHeartsFromTheSleeve,August,pausedgunkslide Tarry Hearts From The Sleeve
08-13-2019,orangeyGunk,August,orangey Gunk
08-13-2019,lookingforcatfish,August,lookingforcatfish
08-13-2019,layingdownandfocusingonthestreetlightsLookingUpThroughTheMoonRoofWhileOnTheBackroads,August,layingdownandfocusingonthestreetlights Looking Up Through The Moon Roof While On The Backroads
08-13-2019,layeredRiverSchools,August,layered River Schools
08-13-2019,impellinghighwayguidanceMakesMeThinkAboutReconstructionMethods,August,impellinghighwayguidance Makes Me Think About Reconstruction Methods
08-13-2019,highlightingalloftheparagraphAndStillMissingTheKeyToTheChapter,August,highlightingalloftheparagraph And Still Missing The Key To The Chapter
08-13-2019,coolingpondCornerEyeJellies,August,coolingpond Corner Eye Jellies
08-13-2019,commingleGunkSleeves,August,commingle Gunk Sleeves
08-13-2019,chernobylCatfish,August,chernobyl Catfish
08-13-2019,apparitioncoasting3InchesAboveTheWaterline,August,apparitioncoasting 3 Inches Above The Waterline
08-13-2019,goinginandoutOfTheTunnel,August,goinginandout Of The Tunnel
08-14-2019,pulverizedsalmonsmokeInventedByToxicSludge,August,pulverizedsalmonsmoke Invented By Toxic Sludge
08-14-2019,searingRhodamine,August,searing Rhodamine
08-14-2019,smashedglassesandblurredvisionCrawlingUnderTheSmokeOfTheInferno,August,smashedglassesandblurredvision Crawling Under The Smoke Of The Inferno
08-14-2019,stepsonthebridgeAboveTheTornado,August,stepsonthebridge Above The Tornado
08-14-2019,wrongendofthestingrayPoisonAppliedLikeHairspray,August,wrongendofthestingray Poison Applied Like Hairspray
08-14-2019,laseretchedPlaidJumpers,August,laseretched Plaid Jumpers
08-14-2019,frowzyTwizzlers02,August,frowzy Twizzlers 0 2
08-14-2019,shadeEnhanced,August,shade Enhanced
08-14-2019,crayonmashFopMishap,August,crayonmash Fop Mishap
08-14-2019,frowzyTwizzlers01,August,frowzy Twizzlers 0 1
08-16-2019,rotatorcuff,August,rotatorcuff
08-16-2019,waitingforthebarsofagonyAssumeThePositionOfPasserby,August,waitingforthebarsofagony Assume The Position Of Passerby
08-16-2019,tubercle02,August,tubercle 0 2
08-16-2019,tubercle01,August,tubercle 0 1
08-16-2019,tillingSunflowers,August,tilling Sunflowers
08-16-2019,tablesawGenu,August,tablesaw Genu
08-16-2019,spinningCrystalStar,August,spinning Crystal Star
08-16-2019,soapyairbubblesReleasedByTheSinkingCarDoor,August,soapyairbubbles Released By The Sinking Car Door
08-16-2019,smearingEggs,August,smearing Eggs
08-16-2019,pirouette,August,pirouette
08-16-2019,peachGeometry,August,peach Geometry
08-16-2019,paddedHeartTones,August,padded Heart Tones
08-16-2019,newpitSubtleLightning,August,newpit Subtle Lightning
08-16-2019,moistdoseSoftlyPlashing,August,moistdose Softly Plashing
08-16-2019,growingTubercle,August,growing Tubercle
08-16-2019,greenhoodieSelfPortrait,August,greenhoodie Self Portrait
08-16-2019,collectiveicepressureMendingTornAlliances,August,collectiveicepressure Mending Torn Alliances
08-16-2019,cellulartestinjectionTryingToPinpointTheGatewayChemical,August,cellulartestinjection Trying To Pinpoint The Gateway Chemical
08-16-2019,cathysDishes,August,cathys Dishes
08-16-2019,bung02,August,bung 0 2
08-16-2019,bung01,August,bung 0 1
08-16-2019,alternativeInnerPortrait,August,alternative Inner Portrait
08-16-2019,hatchetfish,August,hatchetfish
08-20-2019,ribbonSelect,August,ribbon Select
08-20-2019,pinkshimmersoflightOnGlassyBlueWater,August,pinkshimmersoflight On Glassy Blue Water
08-20-2019,perfervidlakesidefuchsia,August,perfervidlakesidefuchsia
08-20-2019,paperdiminutionAtPaperPlace02,August,paperdiminution At Paper Place 0 2
08-20-2019,paperdiminutionAtPaperPlace01,August,paperdiminution At Paper Place 0 1
08-20-2019,oiledGums,August,oiled Gums
08-20-2019,roboticlysolSpraySolution,August,roboticlysol Spray Solution
08-20-2019,comma,August,comma
08-20-2019,thecarridesiwillmiss02,August,thecarridesiwillmiss 0 2
08-20-2019,thedisappearinghandgrip,August,thedisappearinghandgrip
08-20-2019,multicolorshimmersoflightOnGlassyBlueWater,August,multicolorshimmersoflight On Glassy Blue Water
08-20-2019,theprayingmanOnTheRoadUnderTheBloodMoon,August,theprayingman On The Road Under The Blood Moon
08-20-2019,theviking,August,theviking
08-20-2019,tryingtowakeupTheTeamInSpaceSleepDuringTheGreatElectricStorm,August,tryingtowakeup The Team In Space Sleep During The Great Electric Storm
08-20-2019,wormsOnRibcage,August,worms On Ribcage
08-20-2019,thecarridesiwillmiss01,August,thecarridesiwillmiss 0 1
08-20-2019,meltedglasswater,August,meltedglasswater
08-20-2019,aurumOwl,August,aurum Owl
08-20-2019,isaw3layersFindALifeSolutionInEach01,August,isaw 3layers Find A Life Solution In Each 0 1
08-20-2019,grayscaleplasticbagsSpottedWithTheGreenFlashlight,August,grayscaleplasticbags Spotted With The Green Flashlight
08-20-2019,giltMorbidities02,August,gilt Morbidities 0 2
08-20-2019,giltMorbidities01,August,gilt Morbidities 0 1
08-20-2019,gardenwalkwaySquareRoses,August,gardenwalkway Square Roses
08-20-2019,budgetpoolAtNight,August,budgetpool At Night
08-20-2019,budgetPool02,August,budget Pool 0 2
08-20-2019,budgetPool01,August,budget Pool 0 1
08-20-2019,isaw3layersFindALifeSolutionInEach02,August,isaw 3layers Find A Life Solution In Each 0 2
08-20-2019,advertisementshavebecomeNightlightAndTheStars,August,advertisementshavebecome Nightlight And The Stars
08-21-2019,thefringeof3rdDegreeBurns,August,thefringeof 3rd Degree Burns
08-21-2019,splinteredTributaries,August,splintered Tributaries
08-21-2019,turtleClawing,August,turtle Clawing
08-22-2019,slidingJellybeans02,August,sliding Jellybeans 0 2
08-22-2019,slidingJellybeans01,August,sliding Jellybeans 0 1
08-22-2019,succumbingtotheburdenFallingPaperOfChoiceAskewLikeTheLastLeavesOfFall,August,succumbingtotheburden Falling Paper Of Choice Askew Like The Last Leaves Of Fall
08-22-2019,symphonicspliceAbruptTimeSignatureChange01,August,symphonicsplice Abrupt Time Signature Change 0 1
08-22-2019,splitsecondflickerChoosingNotToAcknowledgeTheTorment,August,splitsecondflicker Choosing Not To Acknowledge The Torment
08-22-2019,symphonicspliceAbruptTimeSignatureChange02,August,symphonicsplice Abrupt Time Signature Change 0 2
08-22-2019,adjustingtodailyColorMovementsAndBlurredIntentions,August,adjustingtodaily Color Movements And Blurred Intentions
08-22-2019,pouringhighlightersTogether,August,pouringhighlighters Together
08-22-2019,tealJuiceDrip02,August,teal Juice Drip 0 2
08-22-2019,theindividualfingerSummoningWithKeystrokes,August,theindividualfinger Summoning With Keystrokes
08-22-2019,triangleSmoke,August,triangle Smoke
08-22-2019,twoformsofheatPressuringTheEsophagus,August,twoformsofheat Pressuring The Esophagus
08-22-2019,tealJuiceDrip01,August,teal Juice Drip 0 1
08-22-2019,passionconvertedintoCylinderSteamStreams,August,passionconvertedinto Cylinder Steam Streams
08-22-2019,adjustingtodailyColorMovementsAndBlurredIntentions-long,August,adjustingtodaily Color Movements And Blurred Intentions-long
08-22-2019,metallicTasteInfection,August,metallic Taste Infection
08-22-2019,littletastes,August,littletastes
08-22-2019,lightwavesInMotion,August,lightwaves In Motion
08-22-2019,grottoDrippage,August,grotto Drippage
08-22-2019,droppingtheknifeAsYouCrackTheEggInFear,August,droppingtheknife As You Crack The Egg In Fear
08-22-2019,descendingroseatemist,August,descendingroseatemist
08-22-2019,decantedColorArray,August,decanted Color Array
08-22-2019,monochromeCelluloid,August,monochrome Celluloid
08-27-2019,hammock,August,hammock
08-27-2019,kickytowelAbsorbingTheSheddingSlough,August,kickytowel Absorbing The Shedding Slough
08-27-2019,organizedwhorlingConciliatingStressedOxygenPathways,August,organizedwhorling Conciliating Stressed Oxygen Pathways
08-27-2019,redlinedefinedBlueOrbsOfStolenAir,August,redlinedefined Blue Orbs Of Stolen Air
08-27-2019,shipsteelcorrosionGuidedBySunshine,August,shipsteelcorrosion Guided By Sunshine
08-27-2019,thewearyeyesThatLiveOnTheMile02,August,thewearyeyes That Live On The Mile 0 2
08-27-2019,thewearyeyesThatLiveOnTheMile01,August,thewearyeyes That Live On The Mile 0 1
08-27-2019,gracefulBlurryRoses,August,graceful Blurry Roses
08-27-2019,thewearyeyesThatLiveOnTheMile03,August,thewearyeyes That Live On The Mile 0 3
08-27-2019,vertex,August,vertex
08-27-2019,waitingtoWatchYourMoves,August,waitingto Watch Your Moves
08-27-2019,thecastleledgeThePitOfDrainingWill,August,thecastleledge The Pit Of Draining Will
08-27-2019,fortressEntrance,August,fortress Entrance
08-27-2019,inmotionDippedHotdog,August,inmotion Dipped Hotdog
08-27-2019,cutyourteethUsingNailClippers,August,cutyourteeth Using Nail Clippers
08-27-2019,compactingIncomingEmotionalStreams,August,compacting Incoming Emotional Streams
08-27-2019,circlestickeStripManufacturing,August,circlesticke Strip Manufacturing
08-27-2019,capitulate,August,capitulate
08-27-2019,blownsandshadowsExendingThePointOfTheDunes02,August,blownsandshadows Exending The Point Of The Dunes 0 2
08-27-2019,blownsandshadowsExendingThePointOfTheDunes,August,blownsandshadows Exending The Point Of The Dunes
08-27-2019,bawdyblueparrotwithaGreenGlassEye,August,bawdyblueparrotwitha Green Glass Eye
08-27-2019,assiduousnessDesolation,August,assiduousness Desolation
08-27-2019,decorticateLandscapes,August,decorticate Landscapes
08-28-2019,peelinggold02,August,peelinggold 0 2
08-28-2019,peelinggold01,August,peelinggold 0 1
08-28-2019,openNeonSore,August,open Neon Sore
08-30-2019,thenunWatchingThroughTheShades,August,thenun Watching Through The Shades
08-30-2019,mountainline01,August,mountainline 0 1
08-30-2019,mountainline02,August,mountainline 0 2
08-30-2019,painatfirstThenInspectTheIndividualThorn,August,painatfirst Then Inspect The Individual Thorn
08-30-2019,thepoisonoftheslug,August,thepoisonoftheslug
08-30-2019,totalledinamazdaListeningToAceOfBase,August,totalledinamazda Listening To Ace Of Base
09-03-2019,therisingessenceoftrustyouexudeDuringIntimateDiscussionsOverBrunch-short,September,therisingessenceoftrustyouexude During Intimate Discussions Over Brunch-short
09-03-2019,therisingessenceoftrustyouexudeDuringIntimateDiscussionsOverBrunch-long,September,therisingessenceoftrustyouexude During Intimate Discussions Over Brunch-long
09-03-2019,stillsleepingDontCallMe,September,stillsleeping Dont Call Me
09-03-2019,releasingsignalsontoTheHighwayOfSubtleSeduction,September,releasingsignalsonto The Highway Of Subtle Seduction
09-03-2019,radiocloudsBleedingThroughThePorchDoor,September,radioclouds Bleeding Through The Porch Door
09-03-2019,wearingthetuxedoToKeepYourPerceptionFromSettlingOnTheLandmark,September,wearingthetuxedo To Keep Your Perception From Settling On The Landmark
09-03-2019,intuitionfrequenciesreceivedwithoutyouknowingTryToSitAndListen01,September,intuitionfrequenciesreceivedwithoutyouknowing Try To Sit And Listen 0 1
09-03-2019,intuitionfrequenciesreceivedwithoutyouknowingTryToSitAndListen02,September,intuitionfrequenciesreceivedwithoutyouknowing Try To Sit And Listen 0 2
09-03-2019,mountainsChurningIceCream,September,mountains Churning Ice Cream
09-03-2019,evolvingbloodcactus,September,evolvingbloodcactus
09-03-2019,openingmyeyesToTheFeedbackOfYourWordplay,September,openingmyeyes To The Feedback Of Your Wordplay
09-03-2019,exposingmyaliennatureByDonatingBloodToTheSchema,September,exposingmyaliennature By Donating Blood To The Schema
09-03-2019,delicateSpiralTwist,September,delicate Spiral Twist
09-11-2019,screenFire02,September,screen Fire 0 2
09-11-2019,feedbackCruller,September,feedback Cruller
09-11-2019,feedbackWarpDrive,September,feedback Warp Drive
09-11-2019,fillingtheredplatewithbluetrimGreenVaporForDinner,September,fillingtheredplatewithbluetrim Green Vapor For Dinner
09-11-2019,screenFire01,September,screen Fire 0 1
09-14-2019,softswirlsquid,September,softswirlsquid
09-14-2019,posthurricaneOilWakes,September,posthurricane Oil Wakes
09-14-2019,flagCreator,September,flag Creator
09-14-2019,findingnewdimensionswithinAfterBeingAskedTheQuestionsYouHopedSomeoneWouldAsk,September,findingnewdimensionswithin After Being Asked The Questions You Hoped Someone Would Ask
09-14-2019,endoftheuniverse,September,endoftheuniverse
09-14-2019,drivingvirtuallyInsideReality,September,drivingvirtually Inside Reality
09-14-2019,digitalsnowflakesBufferOverloadAvalanche,September,digitalsnowflakes Buffer Overload Avalanche
09-14-2019,myspirographface,September,myspirographface
09-14-2019,bustedSatellite,September,busted Satellite
09-17-2019,littleleagueHittingMechanics,September,littleleague Hitting Mechanics
09-17-2019,selfportrait13,September,selfportrait 1 3
09-17-2019,sinkproblemsGlitchedDisposal,September,sinkproblems Glitched Disposal
09-17-2019,talkingaboutInsurance,September,talkingabout Insurance
09-17-2019,thenighlyNewsCycle,September,thenighly News Cycle
09-17-2019,seekingPartyConversation,September,seeking Party Conversation
09-17-2019,thepickupbetweenTheReactionAndResponse,September,thepickupbetween The Reaction And Response
09-17-2019,theprecis,September,theprecis
09-17-2019,mindfulconnectionsHelpTraverseTheRadioactiveSandsOfEmotion,September,mindfulconnections Help Traverse The Radioactive Sands Of Emotion
09-17-2019,leavingamessageforerik,September,leavingamessageforerik
09-17-2019,learningaboutTheUnabridged,September,learningabout The Unabridged
09-17-2019,eventRACEfallout,September,event R A C Efallout
09-17-2019,drinkSwitch,September,drink Switch
09-17-2019,advice,September,advice
09-17-2019,thesugarcubesareAwfullyStrongTonight,September,thesugarcubesare Awfully Strong Tonight
09-17-2019,explainingwhatido,September,explainingwhatido
09-17-2019,whatdonursesthinkaboutWhenYouAskTheQuestion,September,whatdonursesthinkabout When You Ask The Question
09-21-2019,alignwiththeinvisiblemomentumofelectricityAllowYourselfToDematerializeWithinWhispersrelearnwhylisteningisasimportantascommunicating,September,alignwiththeinvisiblemomentumofelectricity Allow Yourself To Dematerialize Within Whispersrelearnwhylisteningisasimportantascommunicating
09-21-2019,electromagnetismLashes,September,electromagnetism Lashes
09-21-2019,frameadjusts,September,frameadjusts
09-21-2019,megrimSystematics,September,megrim Systematics
09-21-2019,oneeggAndTheStoveFire,September,oneegg And The Stove Fire
09-21-2019,tearfulIncline01,September,tearful Incline 0 1
09-21-2019,tearfulIncline02,September,tearful Incline 0 2
09-21-2019,tearfulIncline03,September,tearful Incline 0 3
09-22-2019,thetalldetectiveinthesmokedustedyellowcoatLooksAtTheSceneWithFamiliarCuriositytheneonpinkbrimtakesintherainDeformingTheLineBetweenTheElements,September,thetalldetectiveinthesmokedustedyellowcoat Looks At The Scene With Familiar Curiositytheneonpinkbrimtakesintherain Deforming The Line Between The Elements
09-22-2019,thethrashingelectricmentalmagicRisesFromMyChestWhenTheCircuitConnectspushingmetotheedgeofconsciousness01,September,thethrashingelectricmentalmagic Rises From My Chest When The Circuit Connectspushingmetotheedgeofconsciousness 0 1
09-22-2019,thethrashingelectricmentalmagicRisesFromMyChestWhenTheCircuitConnectspushingmetotheedgeofconsciousness02,September,thethrashingelectricmentalmagic Rises From My Chest When The Circuit Connectspushingmetotheedgeofconsciousness 0 2
09-22-2019,thethrashingelectricmentalmagicRisesFromMyChestWhenTheCircuitConnectspushingmetotheedgeofconsciousness03,September,thethrashingelectricmentalmagic Rises From My Chest When The Circuit Connectspushingmetotheedgeofconsciousness 0 3
09-22-2019,thethrashingelectricmentalmagicRisesFromMyChestWhenTheCircuitConnectspushingmetotheedgeofconsciousness04,September,thethrashingelectricmentalmagic Rises From My Chest When The Circuit Connectspushingmetotheedgeofconsciousness 0 4
09-22-2019,thethrashingelectricmentalmagicRisesFromMyChestWhenTheCircuitConnectspushingmetotheedgeofconsciousness05,September,thethrashingelectricmentalmagic Rises From My Chest When The Circuit Connectspushingmetotheedgeofconsciousness 0 5
09-22-2019,thecityhidesbehindamiragePurpleSmokeMoldedIntoAMountainAndRefactoredBySunlight,September,thecityhidesbehindamirage Purple Smoke Molded Into A Mountain And Refactored By Sunlight
09-22-2019,suntoppedwesternplateau,September,suntoppedwesternplateau
09-22-2019,simplyserene,September,simplyserene
09-22-2019,quilters,September,quilters
09-22-2019,outofthecomaandregainingmyvisionHowDidIGetInThisCave,September,outofthecomaandregainingmyvision How Did I Get In This Cave
09-22-2019,morningridgelinerevealingTheRayGlazedChurningChartreuseWaterfall02,September,morningridgelinerevealing The Ray Glazed Churning Chartreuse Waterfall 0 2
09-22-2019,tissuepaperLimeGreenRoom,September,tissuepaper Lime Green Room
09-22-2019,mainliningAVS,September,mainlining A V S
09-22-2019,admiringthestillnessofthelongreddrapesSittingInTheFireplaceLookingOut,September,admiringthestillnessofthelongreddrapes Sitting In The Fireplace Looking Out
09-22-2019,morningridgelinerevealingTheRayGlazedChurningChartreuseWaterfall01,September,morningridgelinerevealing The Ray Glazed Churning Chartreuse Waterfall 0 1
09-22-2019,invisibleKinetics,September,invisible Kinetics
09-22-2019,bluebagthatheldyouridentityHeldByTheBranchAbout15FeetUp,September,bluebagthatheldyouridentity Held By The Branch About 1 5 Feet Up
09-23-2019,lightdrivenSoulShredder,September,lightdriven Soul Shredder
09-23-2019,looselyconnectingtworawmaterialsTestingVagabondGasAttacks,September,looselyconnectingtworawmaterials Testing Vagabond Gas Attacks
09-23-2019,monthlyDialysis,September,monthly Dialysis
09-23-2019,morphinedripStyle01,September,morphinedrip Style 0 1
09-23-2019,morphinedripStyle02,September,morphinedrip Style 0 2
09-23-2019,needlesconnectusTheBloodBridge,September,needlesconnectus The Blood Bridge
09-23-2019,nutrientsbeingpushedtotheskyUsingTheCropUplink01,September,nutrientsbeingpushedtothesky Using The Crop Uplink 0 1
09-23-2019,keepingthepatternWithinTheLines,September,keepingthepattern Within The Lines
09-23-2019,paintbrushupstroke,September,paintbrushupstroke
09-23-2019,paperisabsorbingyouMachineBacteriaNanotechnologyControlsAllLanguage,September,paperisabsorbingyou Machine Bacteria Nanotechnology Controls All Language
09-23-2019,searchingforthebacteriamachine,September,searchingforthebacteriamachine
09-23-2019,sharingamoment,September,sharingamoment
09-23-2019,thecolorsruntogetherWhenTheRainStripsThePaintFromTheRoofExposingTheWood,September,thecolorsruntogether When The Rain Strips The Paint From The Roof Exposing The Wood
09-23-2019,nutrientsbeingpushedtotheskyUsingTheCropUplink02,September,nutrientsbeingpushedtothesky Using The Crop Uplink 0 2
09-23-2019,occasionallybreakingtheconnection,September,occasionallybreakingtheconnection
09-23-2019,dryingPaper04,September,drying Paper 0 4
09-23-2019,dryingPaper03,September,drying Paper 0 3
09-23-2019,dryingPaper02,September,drying Paper 0 2
09-23-2019,dryingPaper01,September,drying Paper 0 1
09-23-2019,cathodeDarkSpace,September,cathode Dark Space
09-23-2019,auntblanket02,September,auntblanket 0 2
09-23-2019,auntblanket01,September,auntblanket 0 1
09-23-2019,alltheheartsconnectingintheroomWithoutAnyHumanRealizing,September,alltheheartsconnectingintheroom Without Any Human Realizing
09-23-2019,heatexpelledWhenTheMotorTurns,September,heatexpelled When The Motor Turns
09-24-2019,therangylineoffaithKeepsYouAliveWhenYouDieOnTheMile01,September,therangylineoffaith Keeps You Alive When You Die On The Mile 0 1
09-24-2019,themile,September,themile
09-24-2019,therangylineoffaithKeepsYouAliveWhenYouDieOnTheMile02,September,therangylineoffaith Keeps You Alive When You Die On The Mile 0 2
09-25-2019,themile,September,themile
09-25-2019,tryingtofocusOnYourGrip,September,tryingtofocus On Your Grip
09-25-2019,thetoxicconversationisMeltingMe01,September,thetoxicconversationis Melting Me 0 1
09-25-2019,thetoxicconversationisMeltingMe02,September,thetoxicconversationis Melting Me 0 2
09-25-2019,whenanewchallengerarrivesAndTheyHaveNoIdeaAboutYourSpinKick,September,whenanewchallengerarrives And They Have No Idea About Your Spin Kick
09-25-2019,nowyouvepissedmeoff,September,nowyouvepissedmeoff
09-25-2019,therangylineoffaithKeepsYouAliveWhenYouDieOnTheMile02,September,therangylineoffaith Keeps You Alive When You Die On The Mile 0 2
09-25-2019,extirpatedSpinKick,September,extirpated Spin Kick
09-25-2019,breakingthroughAtYourLowestPossibleReality,September,breakingthrough At Your Lowest Possible Reality
09-25-2019,episodicblindnessWorkingThroughTheStagesOfSpiralingandreturntocenter,September,episodicblindness Working Through The Stages Of Spiralingandreturntocenter
09-26-2019,thecommongestureswithinsentencesExpandedContortedAndRepacked,September,thecommongestureswithinsentences Expanded Contorted And Repacked
09-26-2019,theshimmeroflipglossDiamondLanternLightCuttingThroughTheBlueEvening,September,theshimmeroflipgloss Diamond Lantern Light Cutting Through The Blue Evening
09-26-2019,shroudofturinImprintedByTheTimeTraveler,September,shroudofturin Imprinted By The Time Traveler
09-26-2019,limestonecastleAndContinuingBloodRain,September,limestonecastle And Continuing Blood Rain
09-26-2019,injectionSequence,September,injection Sequence
09-26-2019,armsinthetriangleposeGenuflectingToThePassiveMountainAir,September,armsinthetrianglepose Genuflecting To The Passive Mountain Air
09-30-2019,usinglightlacedchemicalsToSoakUpTheOilSpill,September,usinglightlacedchemicals To Soak Up The Oil Spill
09-30-2019,experimentalSat,September,experimental Sat
10-02-2019,thesunBurpingXenonGas,October,thesun Burping Xenon Gas
10-03-2019,airportWalkingEscalator,October,airport Walking Escalator
10-03-2019,nightimeTidepool,October,nightime Tidepool
10-03-2019,tryingtounderstandA2B,October,tryingtounderstand A 2 B
10-05-2019,smaltWaves02,October,smalt Waves 0 2
10-05-2019,circumspectingthefallingsnowunderthestreetlight,October,circumspectingthefallingsnowunderthestreetlight
10-05-2019,lookingthroughthewavesWithAPenlight,October,lookingthroughthewaves With A Penlight
10-05-2019,smaltWaves01,October,smalt Waves 0 1
10-05-2019,snowfallgradients,October,snowfallgradients
10-08-2019,sanguinaryfingerprintsCrawlingInTheSinkOfHolyWater,October,sanguinaryfingerprints Crawling In The Sink Of Holy Water
10-08-2019,sandgesturesPushedByMoltenSteel,October,sandgestures Pushed By Molten Steel
10-08-2019,refoldinggoldStandardExpectations,October,refoldinggold Standard Expectations
10-08-2019,phantomgorememories,October,phantomgorememories
10-08-2019,oceanofamberMoldingTheFutureComputerLandscape,October,oceanofamber Molding The Future Computer Landscape
10-08-2019,microscopicbreakdownofLustfulBreathing,October,microscopicbreakdownof Lustful Breathing
10-08-2019,slitWaterCompression,October,slit Water Compression
10-08-2019,strugglingtosyncWithTheMovingPhosphor,October,strugglingtosync With The Moving Phosphor
10-08-2019,tritememoriesofmydailyemotionsQuestioningTheMotivationsAndEmotions,October,tritememoriesofmydailyemotions Questioning The Motivations And Emotions
10-08-2019,trainingmyselftodisregardEffluentThoughtsAndTheOverpoweringFlexOfHumanEmotion,October,trainingmyselftodisregard Effluent Thoughts And The Overpowering Flex Of Human Emotion
10-08-2019,theshrimp,October,theshrimp
10-08-2019,thesequenceofthekomodo,October,thesequenceofthekomodo
10-08-2019,thecreepingRedBacteria,October,thecreeping Red Bacteria
10-08-2019,linesdividingThePasture,October,linesdividing The Pasture
10-08-2019,volatilizedAffectionBasedFutures,October,volatilized Affection Based Futures
10-08-2019,kayakingbyGlacialMemories,October,kayakingby Glacial Memories
10-08-2019,wonderifthechoicesmadeWereReallyMeantForMeToGrow,October,wonderifthechoicesmade Were Really Meant For Me To Grow
10-08-2019,fallingleavesofsunlightLayeringAzureTreetops,October,fallingleavesofsunlight Layering Azure Treetops
10-08-2019,banefulLines,October,baneful Lines
10-08-2019,belatedBirthdayCandles,October,belated Birthday Candles
10-08-2019,burningMyHonestConffesion,October,burning My Honest Conffesion
10-08-2019,growingcancer,October,growingcancer
10-08-2019,copperoxidingwithinyourfears,October,copperoxidingwithinyourfears
10-08-2019,deceleratingConnectiveTissue,October,decelerating Connective Tissue
10-08-2019,engulfedinflamesTheThornsOfPonderingInstanceBecomeBrittle,October,engulfedinflames The Thorns Of Pondering Instance Become Brittle
10-08-2019,compassionateAftershock,October,compassionate Aftershock
10-10-2019,transitionalmetalliquid,October,transitionalmetalliquid
10-10-2019,thetearfillednapkinDissolvingYourReflectionInTheSlowMotionShadowsOfTheCanal,October,thetearfillednapkin Dissolving Your Reflection In The Slow Motion Shadows Of The Canal
10-10-2019,thepaintedfoothillsCravedByTheBlueMistOfForgetfulness,October,thepaintedfoothills Craved By The Blue Mist Of Forgetfulness
10-10-2019,sequentialSpiderBites,October,sequential Spider Bites
10-10-2019,reverberationTriangles02,October,reverberation Triangles 0 2
10-10-2019,reverberationTriangles,October,reverberation Triangles
10-10-2019,puttingoutdailycigarettes,October,puttingoutdailycigarettes
10-10-2019,pastelSheets02,October,pastel Sheets 0 2
10-10-2019,moonliticicles,October,moonliticicles
10-10-2019,lightVegetation,October,light Vegetation
10-10-2019,blanketPatchway,October,blanket Patchway
10-10-2019,prattleGasSpikes,October,prattle Gas Spikes
10-10-2019,pastelSheets01,October,pastel Sheets 0 1
10-11-2019,abstrusesoliloquiesofairManeuveringBehindSeaweed,October,abstrusesoliloquiesofair Maneuvering Behind Seaweed
10-11-2019,11-25-2019-30,October,1 1- 2 5- 2 0 1 9- 3 0
10-11-2019,ardourClemency,October,ardour Clemency
10-12-2019,baptismWax01,October,baptism Wax 0 1
10-12-2019,baptismWax02,October,baptism Wax 0 2
10-12-2019,yourpoorlytelegraphedGoodbye,October,yourpoorlytelegraphed Goodbye
10-12-2019,salvoMisting,October,salvo Misting
10-12-2019,fabricatingHipReplacements,October,fabricating Hip Replacements
10-12-2019,cityfloodOverloadingTheGrating,October,cityflood Overloading The Grating
10-21-2019,nightlypostflossMouthWash,October,nightlypostfloss Mouth Wash
10-21-2019,waterconnectingThroughLayersOfMentalNotes,October,waterconnecting Through Layers Of Mental Notes
10-21-2019,soothinglysluggishWatchingDiamondsShapeInterwovenEmotion,October,soothinglysluggish Watching Diamonds Shape Interwoven Emotion
10-21-2019,skywardthrustedstanchions,October,skywardthrustedstanchions
10-21-2019,obeyingtheeyeFindTheDrapesAndWatchForTheNightlightInTheDungeon,October,obeyingtheeye Find The Drapes And Watch For The Nightlight In The Dungeon
10-21-2019,sixthdimensionflag,October,sixthdimensionflag
10-21-2019,floatingCampMoss,October,floating Camp Moss
10-21-2019,candlesDuringService,October,candles During Service
10-21-2019,manufacturingLipstick,October,manufacturing Lipstick
10-21-2019,removingacidicdatafromTheBoxOfCoiledTelephoneCords,October,removingacidicdatafrom The Box Of Coiled Telephone Cords
10-21-2019,manufacturingBullseyes,October,manufacturing Bullseyes
10-21-2019,floodedBulleyeFactory,October,flooded Bulleye Factory
10-21-2019,idleCrusher,October,idle Crusher
10-27-2019,readplanarcharactersandgesturepedagogywiththeoccipitallobeAndDepositTheFeedbackPacketIntoTheSubjectsThalamus,October,readplanarcharactersandgesturepedagogywiththeoccipitallobe And Deposit The Feedback Packet Into The Subjects Thalamus
10-29-2019,experimentalBaking,October,experimental Baking
10-29-2019,lighthouseWatchtower,October,lighthouse Watchtower
10-29-2019,reverseWalnut,October,reverse Walnut
10-29-2019,keepingyourattentionwitheyecontactconversationAsIObfuscateTheCircularNatureOfTheGranularFeedback,October,keepingyourattentionwitheyecontactconversation As I Obfuscate The Circular Nature Of The Granular Feedback
11-13-2019,aerialviewPassingOverTheBridge,November,aerialview Passing Over The Bridge
11-13-2019,analyzingaWadOfChewingGum,November,analyzinga Wad Of Chewing Gum
11-13-2019,metallicDiscs,November,metallic Discs
11-13-2019,televisionVomit,November,television Vomit
11-14-2019,allinoneprintermistDecomposingInThe55GallonDrum,November,allinoneprintermist Decomposing In The 5 5 Gallon Drum
11-14-2019,bwemotionlessgazeofcuriousintrospectionSmilingBackAtYou,November,bwemotionlessgazeofcuriousintrospection Smiling Back At You
11-14-2019,containedwithinTheNeedToExpandTheBoxThroughCuriosityAndCommunication,November,containedwithin The Need To Expand The Box Through Curiosity And Communication
11-14-2019,bystanderslookinginsideThePartyTheyKeepThemselvesFromAttendingOutOfFear,November,bystanderslookinginside The Party They Keep Themselves From Attending Out Of Fear
11-14-2019,emotionlessgazeofcuriousintrospectionSmilingBackAtYou,November,emotionlessgazeofcuriousintrospection Smiling Back At You
11-14-2019,fullmoonSwamp,November,fullmoon Swamp
11-14-2019,soapeddrinkingwater,November,soapeddrinkingwater
11-14-2019,theadventofliquidmetal01,November,theadventofliquidmetal 0 1
11-14-2019,theadventofliquidmetal02,November,theadventofliquidmetal 0 2
11-14-2019,verticalgesturing,November,verticalgesturing
11-14-2019,bystanderslookinginsideThePartyTheyKeepThemselvesFromAttendingOutOfFear02,November,bystanderslookinginside The Party They Keep Themselves From Attending Out Of Fear 0 2
11-16-2019,dishsoap,November,dishsoap
11-20-2019,roseswarmSandstorm,November,roseswarm Sandstorm
11-20-2019,siftingpurplesmog,November,siftingpurplesmog
11-20-2019,thecubeofchance,November,thecubeofchance
11-20-2019,towel,November,towel
11-20-2019,thenose,November,thenose
11-20-2019,tiltingRings,November,tilting Rings
11-20-2019,oceanicSnowstorm,November,oceanic Snowstorm
11-20-2019,ufo,November,ufo
11-20-2019,thelighthouseburns,November,thelighthouseburns
11-20-2019,lime,November,lime
11-20-2019,reaper,November,reaper
11-20-2019,hidinginlightHarvestingTheHeat,November,hidinginlight Harvesting The Heat
11-20-2019,goggleviewBlackDiamondMountain,November,goggleview Black Diamond Mountain
11-20-2019,fern,November,fern
11-20-2019,earlytoschoolThinkingAboutHighlightersAndCrayons,November,earlytoschool Thinking About Highlighters And Crayons
11-20-2019,dispensedlimeflavor,November,dispensedlimeflavor
11-20-2019,continuingtomoldInternalFlavor,November,continuingtomold Internal Flavor
11-20-2019,comingupforair,November,comingupforair
11-20-2019,aspheresThoughtAboutStatic,November,aspheres Thought About Static
11-20-2019,applyingSunglasses,November,applying Sunglasses
11-20-2019,andthedrainemptiesTheRolodexOfFacesStartToStare,November,andthedrainempties The Rolodex Of Faces Start To Stare
11-20-2019,lefttoright,November,lefttoright
11-20-2019,greenhoodie,November,greenhoodie
11-22-2019,shreddingMachine02,November,shredding Machine 0 2
11-22-2019,whenaskedhowyouare,November,whenaskedhowyouare
11-22-2019,thedurationofthemomentYouWaitedForYourEntireLife,November,thedurationofthemoment You Waited For Your Entire Life
11-22-2019,thecirclesweweave,November,thecirclesweweave
11-22-2019,greenFlag,November,green Flag
11-22-2019,shiftingpersonalitiesofthepeopleThatFindMe,November,shiftingpersonalitiesofthepeople That Find Me
11-22-2019,rollingcandyadspushedtoscanpaceCoveringThePaintByNumbers,November,rollingcandyadspushedtoscanpace Covering The Paint By Numbers
11-22-2019,pullingdelicatefilmfromtheinsideofmyheadIntoTheSecuredFacility,November,pullingdelicatefilmfromtheinsideofmyhead Into The Secured Facility
11-22-2019,nightfalcons,November,nightfalcons
11-22-2019,matchandmoldingthehighwaylandbarriersArchitectingHowToLiveOnStilts,November,matchandmoldingthehighwaylandbarriers Architecting How To Live On Stilts
11-22-2019,losttime,November,losttime
11-22-2019,shreddingMachine01,November,shredding Machine 0 1
11-22-2019,foldersplash03,November,foldersplash 0 3
11-22-2019,lookingintothetunnelAsWeDriveAwayFromThePredictability,November,lookingintothetunnel As We Drive Away From The Predictability
11-22-2019,foldersplash01,November,foldersplash 0 1
11-22-2019,doublelive,November,doublelive
11-22-2019,dispensingToothpaste,November,dispensing Toothpaste
11-22-2019,dimensionalboxContainingTheDiagramOfSoilLayersBelowTheGasStation,November,dimensionalbox Containing The Diagram Of Soil Layers Below The Gas Station
11-22-2019,defaultmallGraphicDesign02,November,defaultmall Graphic Design 0 2
11-22-2019,converseTheFenceAppears,November,converse The Fence Appears
11-22-2019,condensedVialRotation,November,condensed Vial Rotation
11-22-2019,foldersplash02,November,foldersplash 0 2
11-22-2019,bulbousinfectionStretchingTheFrame,November,bulbousinfection Stretching The Frame
11-22-2019,bluetrim,November,bluetrim
11-22-2019,allthesame,November,allthesame
11-22-2019,addingFrosting,November,adding Frosting
11-22-2019,findthecornerWorkTheWall,November,findthecorner Work The Wall
11-22-2019,combinethetwooppositeDuringTheMostIntenseMomentInTheSequence,November,combinethetwoopposite During The Most Intense Moment In The Sequence
11-25-2019,intotimeByWayOfGravity,November,intotime By Way Of Gravity
11-25-2019,gotthisfarCalmDownAndwalkThroughTheWaterfall,November,gotthisfar Calm Down Andwalk Through The Waterfall
11-25-2019,conversinginblackinwhitetermsOnlyToRealizeYouAreSurroundedByColorizedChoices,November,conversinginblackinwhiteterms Only To Realize You Are Surrounded By Colorized Choices
11-25-2019,communicability,November,communicability
11-25-2019,betaconsoleGraphicsTest03,November,betaconsole Graphics Test 0 3
11-25-2019,betaconsoleGraphicsTest02,November,betaconsole Graphics Test 0 2
11-25-2019,betaconsoleGraphicsTest01,November,betaconsole Graphics Test 0 1
11-25-2019,beatendownbywaterInTheLifeOfSoap,November,beatendownbywater In The Life Of Soap
11-25-2019,italyMutations,November,italy Mutations
11-25-2019,betaconsoleGraphicsTest04,November,betaconsole Graphics Test 0 4
11-25-2019,abstractencryptiondressedinamorphousglowinggelsgassesConcealingTheMemoryBlock,November,abstractencryptiondressedinamorphousglowinggelsgasses Concealing The Memory Block
11-25-2019,lamina,November,lamina
11-25-2019,layingacrossthebenchseatTakingInTheStaticAtLowResolution,November,layingacrossthebenchseat Taking In The Static At Low Resolution
11-25-2019,windcarvedstructure02,November,windcarvedstructure 0 2
11-25-2019,windcarvedstructure01,November,windcarvedstructure 0 1
11-25-2019,wadingthroughunsolvedlogicPreventingTheNextTransition,November,wadingthroughunsolvedlogic Preventing The Next Transition
11-25-2019,usingaflashlightToFindTheColorsWithin,November,usingaflashlight To Find The Colors Within
11-25-2019,tworivescurlingGeneratingTheRift,November,tworivescurling Generating The Rift
11-25-2019,topdownocean,November,topdownocean
11-25-2019,thesubtleprofileofyou,November,thesubtleprofileofyou
11-25-2019,thespeedoftransmissionBurstingMyVeinsLikeGlitter,November,thespeedoftransmission Bursting My Veins Like Glitter
11-25-2019,thesail,November,thesail
11-25-2019,landscapeFeedback,November,landscape Feedback
11-25-2019,thegalaxywindow,November,thegalaxywindow
11-25-2019,skyscraperAntenna,November,skyscraper Antenna
11-25-2019,septicshock,November,septicshock
11-25-2019,seethroughtheredgatesAndWatchTheAquaFire,November,seethroughtheredgates And Watch The Aqua Fire
11-25-2019,scraps,November,scraps
11-25-2019,riffingontheairWhenTheHornNoticedItExists,November,riffingontheair When The Horn Noticed It Exists
11-25-2019,peachflavoredSmokeRowDrip,November,peachflavored Smoke Row Drip
11-25-2019,orangefeedbackalchemy,November,orangefeedbackalchemy
11-25-2019,orangeSeeThroughChest,November,orange See Through Chest
11-25-2019,lefttoright02,November,lefttoright 0 2
11-25-2019,soap,November,soap
11-25-2019,furryLines,November,furry Lines
11-26-2019,withinthetransmissionToThePlane,November,withinthetransmission To The Plane
11-26-2019,defaultmallGraphicDesign01,November,defaultmall Graphic Design 0 1
11-26-2019,foldinginthestatic,November,foldinginthestatic
11-26-2019,insectsaretryingtoTalkToYou,November,insectsaretryingto Talk To You
11-26-2019,microbugdiscmullinginthemuscleInitializedThroughTheSkinUsingLight,November,microbugdiscmullinginthemuscle Initialized Through The Skin Using Light
11-26-2019,oneThird,November,one Third
11-26-2019,readingTheTerritoryLines,November,reading The Territory Lines
11-26-2019,testZIppers,November,test Z Ippers
11-26-2019,thefallingessenceofapersonlostTheRainWithWashItAwaywhileIcontinuetocopythemanuscriptsfortheking,November,thefallingessenceofapersonlost The Rain With Wash It Awaywhile Icontinuetocopythemanuscriptsfortheking
11-26-2019,tubularPerspective,November,tubular Perspective
11-26-2019,coveredinradioactiveoceansludgeTheDoubleSunriseCreatedByPhotochemicalSmogoffsetsthenorthernsideofthecastle,November,coveredinradioactiveoceansludge The Double Sunrise Created By Photochemical Smogoffsetsthenorthernsideofthecastle
11-27-2019,touching,November,touching
11-27-2019,theventsthatlinkTwoScopes,November,theventsthatlink Two Scopes
11-27-2019,snakeBite,November,snake Bite
11-27-2019,selectquestionsStartedByBranches,November,selectquestions Started By Branches
11-27-2019,reconnectingCastleGlass02,November,reconnecting Castle Glass 0 2
11-27-2019,reconnectingCastleGlass01,November,reconnecting Castle Glass 0 1
11-27-2019,placingthefaceBeyondTheGelatinLayer,November,placingtheface Beyond The Gelatin Layer
11-27-2019,donotaskaboutthestairsUnlessYouAreWillingToFall,November,donotaskaboutthestairs Unless You Are Willing To Fall
11-27-2019,designChoices03,November,design Choices 0 3
11-27-2019,designChoices02,November,design Choices 0 2
11-27-2019,designChoices01,November,design Choices 0 1
11-27-2019,defaultmallGraphicDesign03,November,defaultmall Graphic Design 0 3
11-27-2019,creatinganewFount,November,creatinganew Fount
11-27-2019,becomingawareafterbeingdefenistratedTheStormOverlaysTheTower,November,becomingawareafterbeingdefenistrated The Storm Overlays The Tower
12-05-2019,takingnoteofthesocialdesigninthedreamToFindTheThemesAreSeepingIntoTheDailyExperience,December,takingnoteofthesocialdesigninthedream To Find The Themes Are Seeping Into The Daily Experience
12-05-2019,slipped,December,slipped
12-05-2019,reactorRunoff,December,reactor Runoff
12-05-2019,plateau,December,plateau
12-05-2019,mylefteyetwitchesWhenTheCyborgTriesToRelax03,December,mylefteyetwitches When The Cyborg Tries To Relax 0 3
12-05-2019,thevolumeofhiddenforcepropelledInvisibleNotionsTurnIntoBadDecisions,December,thevolumeofhiddenforcepropelled Invisible Notions Turn Into Bad Decisions
12-05-2019,mylefteyetwitchesWhenTheCyborgTriesToRelax02,December,mylefteyetwitches When The Cyborg Tries To Relax 0 2
12-05-2019,mylefteyetwitchesWhenTheCyborgTriesToRelax01,December,mylefteyetwitches When The Cyborg Tries To Relax 0 1
12-05-2019,mylefteyetwitchesWhenTheCyborgTriesToRelax04,December,mylefteyetwitches When The Cyborg Tries To Relax 0 4
12-05-2019,thewallsblowoutlikeadandylionWakingUpToTheAirborneGraphitePaintingRainbowsInTheSky,December,thewallsblowoutlikeadandylion Waking Up To The Airborne Graphite Painting Rainbows In The Sky
12-05-2019,crackitopenSipOnTheHighlighter,December,crackitopen Sip On The Highlighter
12-10-2019,candlesmeltwhentheaggressionrisesAndTheGranularFogIsDispensedFromTheMouthOfBabes,December,candlesmeltwhentheaggressionrises And The Granular Fog Is Dispensed From The Mouth Of Babes
12-10-2019,nighttimeElopement,December,nighttime Elopement
12-10-2019,screenedSilks,December,screened Silks
12-10-2019,sensitivetothedecisionsbehindtheplaneCursedByFeelingThePerceptionOfOtherswithoutanoffswitch,December,sensitivetothedecisionsbehindtheplane Cursed By Feeling The Perception Of Otherswithoutanoffswitch
12-10-2019,smoothmovingCreditCardData,December,smoothmoving Credit Card Data
12-10-2019,stopandgolines,December,stopandgolines
12-10-2019,trailingsequencesofotherpeopleAfterTheMudInfectsTheSnow,December,trailingsequencesofotherpeople After The Mud Infects The Snow
12-10-2019,bloodhoneypreservingRumorsAndMaterialFacts,December,bloodhoneypreserving Rumors And Material Facts
12-11-2019,themirageknownasthesunPiercingTheCausticOzoneGaseWhileStandingOnTheRidgeOfCarnelian,December,themirageknownasthesun Piercing The Caustic Ozone Gase While Standing On The Ridge Of Carnelian
12-29-2019,homeworkNotebook03,December,homework Notebook 0 3
12-29-2019,homeworkNotebook01,December,homework Notebook 0 1
12-29-2019,homeworkNotebook02,December,homework Notebook 0 2
12-30-2019,downtheriverSoftBlueLeavesDefiningTheEdge,December,downtheriver Soft Blue Leaves Defining The Edge
12-30-2019,nervouslybreathingafterbeingleftfordeadTheGlimmerOfMetallicRedStainKeepingMeFocusedUntilTheSunComesUp,December,nervouslybreathingafterbeingleftfordead The Glimmer Of Metallic Red Stain Keeping Me Focused Until The Sun Comes Up
12-30-2019,placingmyhandinfrontofmetofeelTheElectricityThatPresentsItselfWhileYouStandInTheEyeOfTheStorm01,December,placingmyhandinfrontofmetofeel The Electricity That Presents Itself While You Stand In The Eye Of The Storm 0 1
12-30-2019,placingmyhandinfrontofmetofeelTheElectricityThatPresentsItselfWhileYouStandInTheEyeOfTheStorm02,December,placingmyhandinfrontofmetofeel The Electricity That Presents Itself While You Stand In The Eye Of The Storm 0 2
12-30-2019,placingmyhandinfrontofmetofeelTheElectricityThatPresentsItselfWhileYouStandInTheEyeOfTheStorm03,December,placingmyhandinfrontofmetofeel The Electricity That Presents Itself While You Stand In The Eye Of The Storm 0 3
12-30-2019,thevariouspathwayspaintakesGeneratingLayersOfMasksSupergluedTogetherWithTissuePaper,December,thevariouspathwayspaintakes Generating Layers Of Masks Superglued Together With Tissue Paper
