/Volumes/vs06-092017-062018/2017-11-november/11-02-2017/png/foundfilmMountainMorningVacation/foundfilmMountainMorningVacation.png,PNG (Portable Network Graphics),image/png,DirectClass,16x16+0+0,1x1,16x16,Undefined,sRGB,PaletteAlpha,Undefined,Undefined,8-bit,8-bit,8-bit,8-bit,1-bit,256,0,0.996078,0.27474,0.354337,-0.709106,0.932576,0.731727,0,1,0.577773,0.391169,-1.58414,-0.367301,0.920142,0,1,0.609804,0.335784,-1.17054,-0.466561,0.940715,0,1,0.996094,0.0625,249.023,-15.813,0.0368745,0,1,0.614602,0.285948,-1.48367,-0.47846,0.657365,255,Perceptual,0.454545,"(0.64,0.33)","(0.3,0.6)","(0.15,0.06)","(0.3127,0.329)",grey74,white,"srgb(223,223,223)",none,None,Undefined,Over,16x16+0+0,Undefined,0,Zip,Undefined,2019-08-23T00:17:36+00:00,2019-08-23T00:17:36+00:00,8,8,6,6 (RGBA),0 (Not interlaced),"16, 16","x_res=1, y_res=1, units=0",intent=0 (Perceptual Intent),9c1748f1c2d930bfd49fac94b3e875795563fd0cd5a00d54bd7503fcc58c3ef4,true,False,918B,256,277566P,0.000u,0:01.000,ImageMagick 7.0.8-50 Q16 x86_64 2019-06-25 https://imagemagick.org
/Volumes/vs06-092017-062018/2017-11-november/11-02-2017/png/shadowgrubTrailingNeptuneDust/shadowgrubTrailingNeptuneDust.png,PNG (Portable Network Graphics),image/png,DirectClass,16x16+0+0,1x1,16x16,Undefined,sRGB,PaletteAlpha,Undefined,Undefined,8-bit,8-bit,8-bit,8-bit,1-bit,256,0,1,0.365794,0.308152,-0.927306,0.53255,0.947005,0,1,0.268765,0.310116,-0.365523,0.976118,0.852669,0,0.996078,0.555974,0.316911,-1.3185,-0.127298,0.956921,0,1,0.996094,0.0625,249.023,-15.813,0.0368745,0,1,0.546657,0.24942,-1.60254,-0.0970801,0.698367,256,Perceptual,0.454545,"(0.64,0.33)","(0.3,0.6)","(0.15,0.06)","(0.3127,0.329)",grey74,white,"srgb(223,223,223)",none,None,Undefined,Over,16x16+0+0,Undefined,0,Zip,Undefined,2019-08-23T00:18:17+00:00,2019-08-23T00:18:17+00:00,8,8,6,6 (RGBA),0 (Not interlaced),"16, 16","x_res=1, y_res=1, units=0",intent=0 (Perceptual Intent),a88a70a7a9a465466ab095fc175a9ecb363d31e38608ed94e7cbb4934d8b11b3,true,False,964B,256,252590P,0.000u,0:01.001,ImageMagick 7.0.8-50 Q16 x86_64 2019-06-25 https://imagemagick.org
/Volumes/vs06-092017-062018/2017-11-november/11-02-2017/png/sinewySquirm/sinewySquirm.png,PNG (Portable Network Graphics),image/png,DirectClass,16x16+0+0,1x1,16x16,Undefined,sRGB,PaletteAlpha,Undefined,Undefined,8-bit,8-bit,8-bit,8-bit,1-bit,256,0,1,0.646645,0.331088,-1.04946,-0.552696,0.884098,0,1,0.355775,0.317667,-1.0621,0.574195,0.954956,0,1,0.672672,0.310877,-0.853138,-0.663959,0.924138,0,1,0.996094,0.0625,249.023,-15.813,0.0368745,0,1,0.667796,0.255533,-1.15244,-0.627272,0.700017,256,Perceptual,0.454545,"(0.64,0.33)","(0.3,0.6)","(0.15,0.06)","(0.3127,0.329)",grey74,white,"srgb(223,223,223)",none,None,Undefined,Over,16x16+0+0,Undefined,0,Zip,Undefined,2019-08-23T00:19:02+00:00,2019-08-23T00:19:02+00:00,8,8,6,6 (RGBA),0 (Not interlaced),"16, 16","x_res=1, y_res=1, units=0",intent=0 (Perceptual Intent),7ace16c3b45346c062ba029bd879073590e4116d724080202d2623a8a7dd7e89,true,False,972B,256,253612P,0.000u,0:01.001,ImageMagick 7.0.8-50 Q16 x86_64 2019-06-25 https://imagemagick.org
/Volumes/vs06-092017-062018/2017-11-november/11-02-2017/png/tossrockrollingBeyondTheMountainTop/tossrockrollingBeyondTheMountainTop.png,PNG (Portable Network Graphics),image/png,DirectClass,16x16+0+0,1x1,16x16,Undefined,sRGB,PaletteAlpha,Undefined,Undefined,8-bit,8-bit,8-bit,8-bit,1-bit,256,0,0.611765,0.353707,0.191765,-1.15925,-0.381246,0.966339,0,1,0.021921,0.064212,207.343,13.8414,0.809587,0,0.117647,0.00856311,0.0153135,15.2997,3.36171,0.634173,0,1,0.996094,0.0625,249.023,-15.813,0.0368745,0,1,0.345071,0.0834475,-1.21214,0.721734,0.611743,253,Perceptual,0.454545,"(0.64,0.33)","(0.3,0.6)","(0.15,0.06)","(0.3127,0.329)",grey74,white,"srgb(223,223,223)",none,None,Undefined,Over,16x16+0+0,Undefined,0,Zip,Undefined,2019-08-23T00:19:07+00:00,2019-08-23T00:19:07+00:00,8,8,6,6 (RGBA),0 (Not interlaced),"16, 16","x_res=1, y_res=1, units=0",intent=0 (Perceptual Intent),72cac171da3a64f5bd78c58a838598be54c5527ab9369a3387660bbdcf4588c9,true,False,748B,256,256212P,0.000u,0:01.000,ImageMagick 7.0.8-50 Q16 x86_64 2019-06-25 https://imagemagick.org
/Volumes/vs06-092017-062018/2017-11-november/11-04-2017/png/thehealingsliverDidYouClearTheInfection/thehealingsliverDidYouClearTheInfection.png,PNG (Portable Network Graphics),image/png,DirectClass,16x16+0+0,1x1,16x16,Undefined,sRGB,PaletteAlpha,Undefined,Undefined,8-bit,8-bit,8-bit,8-bit,1-bit,256,0,0.635294,0.0826593,0.131185,4.39106,2.12319,0.746776,0,1,0.324801,0.327309,-0.66131,0.820031,0.924442,0,1,0.846339,0.258682,3.27048,-2.08644,0.83431,0,1,0.996094,0.0625,249.023,-15.813,0.0368745,0,1,0.562473,0.194919,-1.78393,-0.199509,0.635601,255,Perceptual,0.454545,"(0.64,0.33)","(0.3,0.6)","(0.15,0.06)","(0.3127,0.329)",grey74,white,"srgb(223,223,223)",none,None,Undefined,Over,16x16+0+0,Undefined,0,Zip,Undefined,2019-08-23T00:19:15+00:00,2019-08-23T00:19:15+00:00,8,8,6,6 (RGBA),0 (Not interlaced),"16, 16","x_res=1, y_res=1, units=0",intent=0 (Perceptual Intent),35d6ed6121056792b456695decb78ace4200b8e1a49ba6608f0c4b4cfe1a0a29,true,False,874B,256,269904P,0.000u,0:01.000,ImageMagick 7.0.8-50 Q16 x86_64 2019-06-25 https://imagemagick.org
/Volumes/vs06-092017-062018/2017-11-november/11-05-2017/png/gumflavorParsedIntoNothing/gumflavorParsedIntoNothing.png,PNG (Portable Network Graphics),image/png,DirectClass,16x16+0+0,1x1,16x16,Undefined,sRGB,PaletteAlpha,Undefined,Undefined,8-bit,8-bit,8-bit,8-bit,1-bit,256,0,1,0.633701,0.292337,-0.470567,-0.726277,0.966761,0,1,0.482966,0.256353,-0.580014,-0.248735,0.962701,0,0.996078,0.552099,0.269592,-0.557548,-0.480668,0.974996,0,1,0.996094,0.0625,249.023,-15.813,0.0368745,0,1,0.666215,0.220195,-0.680779,-0.610964,0.735333,255,Perceptual,0.454545,"(0.64,0.33)","(0.3,0.6)","(0.15,0.06)","(0.3127,0.329)",grey74,white,"srgb(223,223,223)",none,None,Undefined,Over,16x16+0+0,Undefined,0,Zip,Undefined,2019-08-23T00:19:24+00:00,2019-08-23T00:19:24+00:00,8,8,6,6 (RGBA),0 (Not interlaced),"16, 16","x_res=1, y_res=1, units=0",intent=0 (Perceptual Intent),88357f14ad04fbef6e035191e78d1cf3f39554472d530c70ca6eb28f955e0a63,true,False,994B,256,258904P,0.000u,0:01.000,ImageMagick 7.0.8-50 Q16 x86_64 2019-06-25 https://imagemagick.org
/Volumes/vs06-092017-062018/2017-11-november/11-05-2017/png/sleepwalkerPlasterChunks/sleepwalkerPlasterChunks.png,PNG (Portable Network Graphics),image/png,DirectClass,16x16+0+0,1x1,16x16,Undefined,sRGB,PaletteAlpha,Undefined,Undefined,8-bit,8-bit,8-bit,8-bit,1-bit,256,0,0.596078,0.0572151,0.0913914,7.3974,2.44502,0.706816,0,1,0.440931,0.315589,-1.17157,0.247729,0.947788,0,1,0.638817,0.320873,-1.10987,-0.474778,0.932759,0,1,0.996094,0.0625,249.023,-15.813,0.0368745,0,1,0.533264,0.197588,-1.69919,-0.0711277,0.656059,256,Perceptual,0.454545,"(0.64,0.33)","(0.3,0.6)","(0.15,0.06)","(0.3127,0.329)",grey74,white,"srgb(223,223,223)",none,None,Undefined,Over,16x16+0+0,Undefined,0,Zip,Undefined,2019-08-23T00:19:40+00:00,2019-08-23T00:19:40+00:00,8,8,6,6 (RGBA),0 (Not interlaced),"16, 16","x_res=1, y_res=1, units=0",intent=0 (Perceptual Intent),f3877cb1ace1eaa4eb6f42547647f7807faefbef1f1bf396f3a1f11eadb86054,true,False,930B,256,313730P,0.000u,0:01.000,ImageMagick 7.0.8-50 Q16 x86_64 2019-06-25 https://imagemagick.org
/Volumes/vs06-092017-062018/2017-11-november/11-05-2017/png/trappedzoidsConfinedByBeamGel/trappedzoidsConfinedByBeamGel.png,PNG (Portable Network Graphics),image/png,DirectClass,16x16+0+0,1x1,16x16,Undefined,sRGB,PaletteAlpha,Undefined,Undefined,8-bit,8-bit,8-bit,8-bit,1-bit,256,0,0.717647,0.0280484,0.0864467,26.069,4.76761,0.537502,0,1,0.532613,0.272191,-0.982277,-0.00674906,0.977276,0,1,0.581664,0.286998,-0.983871,-0.213653,0.968728,0,1,0.996094,0.0625,249.023,-15.813,0.0368745,0,1,0.534605,0.177034,-1.58575,-0.126464,0.630095,256,Perceptual,0.454545,"(0.64,0.33)","(0.3,0.6)","(0.15,0.06)","(0.3127,0.329)",grey74,white,"srgb(223,223,223)",none,None,Undefined,Over,16x16+0+0,Undefined,0,Zip,Undefined,2019-08-23T00:20:01+00:00,2019-08-23T00:20:01+00:00,8,8,6,6 (RGBA),0 (Not interlaced),"16, 16","x_res=1, y_res=1, units=0",intent=0 (Perceptual Intent),dba8783107f1e16ed55b11e1dbb3d40564f57fe379568a893d5c3257de8c3453,true,False,917B,256,278416P,0.000u,0:01.000,ImageMagick 7.0.8-50 Q16 x86_64 2019-06-25 https://imagemagick.org
/Volumes/vs06-092017-062018/2017-11-november/11-13-2017/png/baftthelightUnboundExperienceIsProvided/baftthelightUnboundExperienceIsProvided.png,PNG (Portable Network Graphics),image/png,DirectClass,16x16+0+0,1x1,16x16,Undefined,sRGB,PaletteAlpha,Undefined,Undefined,8-bit,8-bit,8-bit,8-bit,1-bit,256,0,1,0.580959,0.365,-1.38797,-0.313152,0.871867,0,1,0.456434,0.337554,-1.38229,0.147569,0.959911,0,1,0.731357,0.345873,-0.568194,-0.999598,0.833246,0,1,0.996094,0.0625,249.023,-15.813,0.0368745,0,1,0.691211,0.277732,-1.00911,-0.75628,0.675475,255,Perceptual,0.454545,"(0.64,0.33)","(0.3,0.6)","(0.15,0.06)","(0.3127,0.329)",grey74,white,"srgb(223,223,223)",none,None,Undefined,Over,16x16+0+0,Undefined,0,Zip,Undefined,2019-08-23T00:20:22+00:00,2019-08-23T00:20:22+00:00,8,8,6,6 (RGBA),0 (Not interlaced),"16, 16","x_res=1, y_res=1, units=0",intent=0 (Perceptual Intent),9c712a9bda016602ae4cbf4ba037860dc5dc52a76b3f4d8bccec18fc46d36025,true,False,946B,256,270029P,0.000u,0:01.000,ImageMagick 7.0.8-50 Q16 x86_64 2019-06-25 https://imagemagick.org
/Volumes/vs06-092017-062018/2017-11-november/11-13-2017/png/canyouwhenaskedOsmoseAndLetGo/canyouwhenaskedOsmoseAndLetGo.png,PNG (Portable Network Graphics),image/png,DirectClass,16x16+0+0,1x1,16x16,Undefined,sRGB,PaletteAlpha,Undefined,Undefined,8-bit,8-bit,8-bit,8-bit,1-bit,256,0,1,0.557889,0.306538,-1.11316,-0.278311,0.967268,0,1,0.535248,0.31143,-1.16497,-0.153976,0.955909,0,0.796078,0.131449,0.170795,2.0512,1.60883,0.82631,0,1,0.996094,0.0625,249.023,-15.813,0.0368745,0,1,0.55517,0.212816,-1.56805,-0.154245,0.69659,256,Perceptual,0.454545,"(0.64,0.33)","(0.3,0.6)","(0.15,0.06)","(0.3127,0.329)",grey74,white,"srgb(223,223,223)",none,None,Undefined,Over,16x16+0+0,Undefined,0,Zip,Undefined,2019-08-23T00:20:36+00:00,2019-08-23T00:20:36+00:00,8,8,6,6 (RGBA),0 (Not interlaced),"16, 16","x_res=1, y_res=1, units=0",intent=0 (Perceptual Intent),087b522908627a76008b4f76189134aed71b2a59c306b6b2363cf9eb43f704a4,true,False,953B,256,266577P,0.000u,0:01.000,ImageMagick 7.0.8-50 Q16 x86_64 2019-06-25 https://imagemagick.org
/Volumes/vs06-092017-062018/2017-11-november/11-13-2017/png/constrictingVesselsOfCompassion/constrictingVesselsOfCompassion.png,PNG (Portable Network Graphics),image/png,DirectClass,16x16+0+0,1x1,16x16,Undefined,sRGB,PaletteAlpha,Undefined,Undefined,8-bit,8-bit,8-bit,8-bit,1-bit,256,0,1,0.791039,0.261045,0.0178613,-1.10319,0.840029,0,1,0.356909,0.301352,-0.9576,0.590232,0.960482,0,1,0.823177,0.232436,0.974567,-1.3664,0.854028,0,1,0.996094,0.0625,249.023,-15.813,0.0368745,0,1,0.741805,0.214333,-0.516706,-0.983675,0.672853,255,Perceptual,0.454545,"(0.64,0.33)","(0.3,0.6)","(0.15,0.06)","(0.3127,0.329)",grey74,white,"srgb(223,223,223)",none,None,Undefined,Over,16x16+0+0,Undefined,0,Zip,Undefined,2019-08-23T00:20:56+00:00,2019-08-23T00:20:56+00:00,8,8,6,6 (RGBA),0 (Not interlaced),"16, 16","x_res=1, y_res=1, units=0",intent=0 (Perceptual Intent),e7e6b838d18d52598c1cca846ffccd2514d8985bb5e93ff9b127d5237739a506,true,False,904B,256,256132P,0.000u,0:01.000,ImageMagick 7.0.8-50 Q16 x86_64 2019-06-25 https://imagemagick.org
/Volumes/vs06-092017-062018/2017-11-november/11-13-2017/png/dreamsSlippingIntoStars/dreamsSlippingIntoStars.png,PNG (Portable Network Graphics),image/png,DirectClass,16x16+0+0,1x1,16x16,Undefined,sRGB,PaletteAlpha,Undefined,Undefined,8-bit,8-bit,8-bit,8-bit,1-bit,256,0,1,0.364277,0.298547,-0.691915,0.689972,0.96469,0,1,0.213097,0.231909,1.56981,1.44484,0.90554,0,1,0.450123,0.294794,-1.05812,0.258168,0.975784,0,1,0.996094,0.0625,249.023,-15.813,0.0368745,0,1,0.505898,0.221938,-1.58001,0.158632,0.720722,256,Perceptual,0.454545,"(0.64,0.33)","(0.3,0.6)","(0.15,0.06)","(0.3127,0.329)",grey74,white,"srgb(223,223,223)",none,None,Undefined,Over,16x16+0+0,Undefined,0,Zip,Undefined,2019-08-23T00:21:06+00:00,2019-08-23T00:21:06+00:00,8,8,6,6 (RGBA),0 (Not interlaced),"16, 16","x_res=1, y_res=1, units=0",intent=0 (Perceptual Intent),a505ae4eb73d4b49851f02a67a5bf55e874b6253c2386cd500bbb61efa0d52f2,true,False,991B,256,245045P,0.000u,0:01.001,ImageMagick 7.0.8-50 Q16 x86_64 2019-06-25 https://imagemagick.org
/Volumes/vs06-092017-062018/2017-11-november/11-13-2017/png/instinctivepullEnlargingTheFurrow/instinctivepullEnlargingTheFurrow.png,PNG (Portable Network Graphics),image/png,DirectClass,16x16+0+0,1x1,16x16,Undefined,sRGB,PaletteAlpha,Undefined,Undefined,8-bit,8-bit,8-bit,8-bit,1-bit,256,0,1,0.702129,0.333709,-0.654694,-0.867874,0.88686,0,1,0.494026,0.332496,-1.33261,-0.0301943,0.961867,0,0.368627,0.0512408,0.0752327,2.96481,1.81163,0.7416,0,1,0.996094,0.0625,249.023,-15.813,0.0368745,0,1,0.560872,0.200984,-1.70789,-0.21115,0.6568,256,Perceptual,0.454545,"(0.64,0.33)","(0.3,0.6)","(0.15,0.06)","(0.3127,0.329)",grey74,white,"srgb(223,223,223)",none,None,Undefined,Over,16x16+0+0,Undefined,0,Zip,Undefined,2019-08-23T00:21:22+00:00,2019-08-23T00:21:22+00:00,8,8,6,6 (RGBA),0 (Not interlaced),"16, 16","x_res=1, y_res=1, units=0",intent=0 (Perceptual Intent),16b40baaf62af1702cc68c6efd783f8b4d46a82ec9da7bf736df729d74d12180,true,False,911B,256,256252P,0.000u,0:01.000,ImageMagick 7.0.8-50 Q16 x86_64 2019-06-25 https://imagemagick.org
/Volumes/vs06-092017-062018/2017-11-november/11-13-2017/png/leavethemarkaloneLetItEraseYourPerception/leavethemarkaloneLetItEraseYourPerception.png,PNG (Portable Network Graphics),image/png,DirectClass,16x16+0+0,1x1,16x16,Undefined,sRGB,PaletteAlpha,Undefined,Undefined,8-bit,8-bit,8-bit,8-bit,1-bit,256,0,1,0.577681,0.282759,-0.960193,-0.132202,0.955556,0,1,0.452497,0.293398,-1.06328,0.229578,0.97668,0,0.482353,0.0199908,0.058894,27.4328,4.90805,0.535334,0,1,0.996094,0.0625,249.023,-15.813,0.0368745,0,1,0.511566,0.174388,-1.63212,-0.0143948,0.626111,254,Perceptual,0.454545,"(0.64,0.33)","(0.3,0.6)","(0.15,0.06)","(0.3127,0.329)",grey74,white,"srgb(223,223,223)",none,None,Undefined,Over,16x16+0+0,Undefined,0,Zip,Undefined,2019-08-23T00:21:40+00:00,2019-08-23T00:21:40+00:00,8,8,6,6 (RGBA),0 (Not interlaced),"16, 16","x_res=1, y_res=1, units=0",intent=0 (Perceptual Intent),86406e11063ba1f638723a8b86bc61ab0cf431c85e0442101e2bf74c038eb7b7,true,False,901B,256,274634P,0.000u,0:01.000,ImageMagick 7.0.8-50 Q16 x86_64 2019-06-25 https://imagemagick.org
/Volumes/vs06-092017-062018/2017-11-november/11-13-2017/png/notedhighlightsWithNoFlashlight/notedhighlightsWithNoFlashlight.png,PNG (Portable Network Graphics),image/png,DirectClass,16x16+0+0,1x1,16x16,Undefined,sRGB,PaletteAlpha,Undefined,Undefined,8-bit,8-bit,8-bit,8-bit,1-bit,256,0,1,0.481143,0.323801,-1.31566,0.155902,0.962952,0,1,0.306985,0.293846,-0.458561,0.830864,0.92304,0,1,0.6625,0.326351,-1.19919,-0.494827,0.902839,0,1,0.996094,0.0625,249.023,-15.813,0.0368745,0,1,0.61168,0.251624,-1.4978,-0.319284,0.706426,256,Perceptual,0.454545,"(0.64,0.33)","(0.3,0.6)","(0.15,0.06)","(0.3127,0.329)",grey74,white,"srgb(223,223,223)",none,None,Undefined,Over,16x16+0+0,Undefined,0,Zip,Undefined,2019-08-23T00:21:50+00:00,2019-08-23T00:21:50+00:00,8,8,6,6 (RGBA),0 (Not interlaced),"16, 16","x_res=1, y_res=1, units=0",intent=0 (Perceptual Intent),1b6a733e2171f2f79776f7f773b342d5a2dea0b9a2eeaf9c3e4967eabb260112,true,False,982B,256,235586P,0.000u,0:01.001,ImageMagick 7.0.8-50 Q16 x86_64 2019-06-25 https://imagemagick.org
/Volumes/vs06-092017-062018/2017-11-november/11-13-2017/png/thedistortedviewofmurderAsUncivilAndDisgraceful/thedistortedviewofmurderAsUncivilAndDisgraceful.png,PNG (Portable Network Graphics),image/png,DirectClass,16x16+0+0,1x1,16x16,Undefined,sRGB,PaletteAlpha,Undefined,Undefined,8-bit,8-bit,8-bit,8-bit,1-bit,256,0,1,0.973376,0.0840906,72.5602,-7.47348,0.639214,0.00392157,1,0.539982,0.28711,-1.11567,-0.168981,0.975761,0,0.27451,0.00960478,0.0287938,40.9643,5.91989,0.524634,0,1,0.996094,0.0625,249.023,-15.813,0.0368745,0,1,0.629764,0.115624,-1.51005,-0.546531,0.544121,250,Perceptual,0.454545,"(0.64,0.33)","(0.3,0.6)","(0.15,0.06)","(0.3127,0.329)",grey74,white,"srgb(223,223,223)",none,None,Undefined,Over,16x16+0+0,Undefined,0,Zip,Undefined,2019-08-23T00:21:57+00:00,2019-08-23T00:21:57+00:00,8,8,6,6 (RGBA),0 (Not interlaced),"16, 16","x_res=1, y_res=1, units=0",intent=0 (Perceptual Intent),e33aac7111462d1bcdcfa0fdad3671ee8d5e7b8ec9845d7e6f64766cf931a1ee,true,False,738B,256,214335P,0.000u,0:01.001,ImageMagick 7.0.8-50 Q16 x86_64 2019-06-25 https://imagemagick.org
/Volumes/vs06-092017-062018/2017-11-november/11-13-2017/png/yellowTeeth/yellowTeeth.png,PNG (Portable Network Graphics),image/png,DirectClass,16x16+0+0,1x1,16x16,Undefined,sRGB,PaletteAlpha,Undefined,Undefined,8-bit,8-bit,8-bit,8-bit,1-bit,256,0,1,0.76443,0.291614,-0.0753967,-1.06884,0.825942,0,1,0.618765,0.299963,-1.03858,-0.36324,0.945254,0,1,0.332537,0.307441,-0.709124,0.713085,0.930518,0,1,0.996094,0.0625,249.023,-15.813,0.0368745,0,1,0.677956,0.240379,-1.09826,-0.646645,0.684647,256,Perceptual,0.454545,"(0.64,0.33)","(0.3,0.6)","(0.15,0.06)","(0.3127,0.329)",grey74,white,"srgb(223,223,223)",none,None,Undefined,Over,16x16+0+0,Undefined,0,Zip,Undefined,2019-08-23T00:22:22+00:00,2019-08-23T00:22:22+00:00,8,8,6,6 (RGBA),0 (Not interlaced),"16, 16","x_res=1, y_res=1, units=0",intent=0 (Perceptual Intent),1fcfa7db37383e503bf378ede607dae2fbc9c218f06740d50d0fc8082bfd58bc,true,False,942B,256,281591P,0.000u,0:01.000,ImageMagick 7.0.8-50 Q16 x86_64 2019-06-25 https://imagemagick.org
/Volumes/vs06-092017-062018/2017-11-november/11-14-2017/png/designingempathyToManageEverydayInteractionsBecauseItDoesntExist/designingempathyToManageEverydayInteractionsBecauseItDoesntExist.png,PNG (Portable Network Graphics),image/png,DirectClass,16x16+0+0,1x1,16x16,Undefined,sRGB,PaletteAlpha,Undefined,Undefined,8-bit,8-bit,8-bit,8-bit,1-bit,256,0,1,0.588879,0.347961,-1.14047,-0.419413,0.90168,0,1,0.437883,0.302504,-1.05747,0.0890498,0.931875,0,1,0.820205,0.259153,0.227171,-1.2582,0.749852,0,1,0.996094,0.0625,249.023,-15.813,0.0368745,0,1,0.710765,0.243029,-0.702367,-0.830555,0.655071,254,Perceptual,0.454545,"(0.64,0.33)","(0.3,0.6)","(0.15,0.06)","(0.3127,0.329)",grey74,white,"srgb(223,223,223)",none,None,Undefined,Over,16x16+0+0,Undefined,0,Zip,Undefined,2019-08-23T00:22:43+00:00,2019-08-23T00:22:43+00:00,8,8,6,6 (RGBA),0 (Not interlaced),"16, 16","x_res=1, y_res=1, units=0",intent=0 (Perceptual Intent),8a616d173b43ef2d55a49b06e49363d770d35d452877760512591c3ce504c76f,true,False,909B,256,130771P,0.000u,0:01.001,ImageMagick 7.0.8-50 Q16 x86_64 2019-06-25 https://imagemagick.org
/Volumes/vs06-092017-062018/2017-11-november/11-14-2017/png/foldedfabricSpotlitWithinTheBoundsOfDarkness/foldedfabricSpotlitWithinTheBoundsOfDarkness.png,PNG (Portable Network Graphics),image/png,DirectClass,16x16+0+0,1x1,16x16,Undefined,sRGB,PaletteAlpha,Undefined,Undefined,8-bit,8-bit,8-bit,8-bit,1-bit,256,0,0.996078,0.290043,0.359932,-0.822734,0.87159,0.771215,0,1,0.256648,0.285698,-0.155723,0.966644,0.821833,0,1,0.561535,0.338791,-1.37515,-0.164806,0.949336,0,1,0.996094,0.0625,249.023,-15.813,0.0368745,0,1,0.52608,0.26173,-1.68696,-0.0548454,0.644815,254,Perceptual,0.454545,"(0.64,0.33)","(0.3,0.6)","(0.15,0.06)","(0.3127,0.329)",grey74,white,"srgb(223,223,223)",none,None,Undefined,Over,16x16+0+0,Undefined,0,Zip,Undefined,2019-08-23T00:23:01+00:00,2019-08-23T00:23:01+00:00,8,8,6,6 (RGBA),0 (Not interlaced),"16, 16","x_res=1, y_res=1, units=0",intent=0 (Perceptual Intent),127be1792f03bb6215b1848ac0fd6e78f331003f2a2cc1ff34ff182e21d98da2,true,False,895B,256,227371P,0.000u,0:01.001,ImageMagick 7.0.8-50 Q16 x86_64 2019-06-25 https://imagemagick.org
/Volumes/vs06-092017-062018/2017-11-november/11-14-2017/png/grackleBeneathSquaredRain/grackleBeneathSquaredRain.png,PNG (Portable Network Graphics),image/png,DirectClass,16x16+0+0,1x1,16x16,Undefined,sRGB,PaletteAlpha,Undefined,Undefined,8-bit,8-bit,8-bit,8-bit,1-bit,256,0,0.733333,0.0697151,0.135055,6.0139,2.48583,0.668519,0,1,0.566023,0.293797,-0.990457,-0.318139,0.9676,0,1,0.760677,0.293114,0.116337,-1.14302,0.848263,0,1,0.996094,0.0625,249.023,-15.813,0.0368745,0,1,0.598127,0.196116,-1.5274,-0.394306,0.630314,255,Perceptual,0.454545,"(0.64,0.33)","(0.3,0.6)","(0.15,0.06)","(0.3127,0.329)",grey74,white,"srgb(223,223,223)",none,None,Undefined,Over,16x16+0+0,Undefined,0,Zip,Undefined,2019-08-23T00:23:10+00:00,2019-08-23T00:23:10+00:00,8,8,6,6 (RGBA),0 (Not interlaced),"16, 16","x_res=1, y_res=1, units=0",intent=0 (Perceptual Intent),bec2496136e4842d3d8ab67321bcc78dc9f7dc084caf97e92f05dbbe327d46a4,true,False,893B,256,282061P,0.000u,0:01.000,ImageMagick 7.0.8-50 Q16 x86_64 2019-06-25 https://imagemagick.org
/Volumes/vs06-092017-062018/2017-11-november/11-14-2017/png/malformedcopperarrowheadTheObviousEnduedObjectionToBeingTakenWithTimeToSpare/malformedcopperarrowheadTheObviousEnduedObjectionToBeingTakenWithTimeToSpare.png,PNG (Portable Network Graphics),image/png,DirectClass,16x16+0+0,1x1,16x16,Undefined,sRGB,PaletteAlpha,Undefined,Undefined,8-bit,8-bit,8-bit,8-bit,1-bit,256,0,0.894118,0.354902,0.220202,-0.709396,0.342843,0.97357,0,1,0.0865962,0.113052,15.9745,2.90561,0.850882,0,0.568627,0.154642,0.120116,0.077439,0.697881,0.94978,0,1,0.996094,0.0625,249.023,-15.813,0.0368745,0,1,0.398058,0.128968,-1.20807,0.664392,0.702777,256,Perceptual,0.454545,"(0.64,0.33)","(0.3,0.6)","(0.15,0.06)","(0.3127,0.329)",grey74,white,"srgb(223,223,223)",none,None,Undefined,Over,16x16+0+0,Undefined,0,Zip,Undefined,2019-08-23T00:23:18+00:00,2019-08-23T00:23:18+00:00,8,8,6,6 (RGBA),0 (Not interlaced),"16, 16","x_res=1, y_res=1, units=0",intent=0 (Perceptual Intent),b99af281e443b972a89b32f32fb063d0fb69206c6ec8315b2da2b9950d17c7e0,true,False,930B,256,295630P,0.000u,0:01.000,ImageMagick 7.0.8-50 Q16 x86_64 2019-06-25 https://imagemagick.org
/Volumes/vs06-092017-062018/2017-11-november/11-14-2017/png/postingperpendicularAlongTheGravityForcedSphere/postingperpendicularAlongTheGravityForcedSphere.png,PNG (Portable Network Graphics),image/png,DirectClass,16x16+0+0,1x1,16x16,Undefined,sRGB,PaletteAlpha,Undefined,Undefined,8-bit,8-bit,8-bit,8-bit,1-bit,256,0,0.584314,0.122794,0.157655,-0.738002,0.885569,0.723075,0,1,0.331143,0.21764,-0.86751,0.279482,0.967975,0,1,0.672381,0.311699,-0.935945,-0.562283,0.883405,0,1,0.996094,0.0625,249.023,-15.813,0.0368745,0,1,0.530603,0.187373,-1.58783,0.00617336,0.652832,253,Perceptual,0.454545,"(0.64,0.33)","(0.3,0.6)","(0.15,0.06)","(0.3127,0.329)",grey74,white,"srgb(223,223,223)",none,None,Undefined,Over,16x16+0+0,Undefined,0,Zip,Undefined,2019-08-23T00:23:27+00:00,2019-08-23T00:23:27+00:00,8,8,6,6 (RGBA),0 (Not interlaced),"16, 16","x_res=1, y_res=1, units=0",intent=0 (Perceptual Intent),609ef708451fb8213ffbc2644ba47972be3d1d9b8bb00d6f5fe4569818799a4f,true,False,926B,256,279020P,0.000u,0:01.000,ImageMagick 7.0.8-50 Q16 x86_64 2019-06-25 https://imagemagick.org
/Volumes/vs06-092017-062018/2017-11-november/11-14-2017/png/sighting/sighting.png,PNG (Portable Network Graphics),image/png,DirectClass,16x16+0+0,1x1,16x16,Undefined,sRGB,PaletteAlpha,Undefined,Undefined,8-bit,8-bit,8-bit,8-bit,1-bit,256,0,0.686275,0.202711,0.161564,-0.525991,0.568841,0.942188,0,1,0.18367,0.159886,1.72953,1.02664,0.930334,0,0.964706,0.373759,0.247798,-0.827825,0.324056,0.964876,0,1,0.996094,0.0625,249.023,-15.813,0.0368745,0,1,0.439059,0.157937,-1.27772,0.520543,0.718568,256,Perceptual,0.454545,"(0.64,0.33)","(0.3,0.6)","(0.15,0.06)","(0.3127,0.329)",grey74,white,"srgb(223,223,223)",none,None,Undefined,Over,16x16+0+0,Undefined,0,Zip,Undefined,2019-08-23T00:23:33+00:00,2019-08-23T00:23:33+00:00,8,8,6,6 (RGBA),0 (Not interlaced),"16, 16","x_res=1, y_res=1, units=0",intent=0 (Perceptual Intent),b6ef46ec02346e90b253e8864e2b32adc8da2a61027293db401fe6f854cc7def,true,False,917B,256,264420P,0.000u,0:01.000,ImageMagick 7.0.8-50 Q16 x86_64 2019-06-25 https://imagemagick.org
/Volumes/vs06-092017-062018/2017-11-november/11-14-2017/png/spiltmindOfIrrationalEthicCombiners/spiltmindOfIrrationalEthicCombiners.png,PNG (Portable Network Graphics),image/png,DirectClass,16x16+0+0,1x1,16x16,Undefined,sRGB,PaletteAlpha,Undefined,Undefined,8-bit,8-bit,8-bit,8-bit,1-bit,256,0,0.996078,0.373483,0.312228,-1.14095,0.344197,0.90037,0,1,0.361688,0.303744,-1.07698,0.382997,0.914225,0,1,0.775414,0.274448,0.456551,-1.20985,0.849878,0,1,0.996094,0.0625,249.023,-15.813,0.0368745,0,1,0.62667,0.23823,-1.32102,-0.465068,0.675337,255,Perceptual,0.454545,"(0.64,0.33)","(0.3,0.6)","(0.15,0.06)","(0.3127,0.329)",grey74,white,"srgb(223,223,223)",none,None,Undefined,Over,16x16+0+0,Undefined,0,Zip,Undefined,2019-08-23T00:23:46+00:00,2019-08-23T00:23:46+00:00,8,8,6,6 (RGBA),0 (Not interlaced),"16, 16","x_res=1, y_res=1, units=0",intent=0 (Perceptual Intent),8983702121f4311c3f1895761c039aeca267319199fad25ea6d64dd329e495f5,true,False,933B,256,131759P,0.000u,0:01.001,ImageMagick 7.0.8-50 Q16 x86_64 2019-06-25 https://imagemagick.org
/Volumes/vs06-092017-062018/2017-11-november/11-14-2017/png/sweptquicksilverreflectionStruckByTheAmberSunCrest/sweptquicksilverreflectionStruckByTheAmberSunCrest.png,PNG (Portable Network Graphics),image/png,DirectClass,16x16+0+0,1x1,16x16,Undefined,sRGB,PaletteAlpha,Undefined,Undefined,8-bit,8-bit,8-bit,8-bit,1-bit,256,0,1,0.350735,0.405436,-1.39491,0.612774,0.812821,0,1,0.470466,0.346969,-1.43308,0.0540578,0.931785,0,1,0.674265,0.389739,-1.20843,-0.711707,0.839637,0,1,0.996094,0.0625,249.023,-15.813,0.0368745,0,1,0.62289,0.301161,-1.5103,-0.484015,0.655279,254,Perceptual,0.454545,"(0.64,0.33)","(0.3,0.6)","(0.15,0.06)","(0.3127,0.329)",grey74,white,"srgb(223,223,223)",none,None,Undefined,Over,16x16+0+0,Undefined,0,Zip,Undefined,2019-08-23T00:24:05+00:00,2019-08-23T00:24:05+00:00,8,8,6,6 (RGBA),0 (Not interlaced),"16, 16","x_res=1, y_res=1, units=0",intent=0 (Perceptual Intent),66cfd6b34bb1386ed87bc6a2607dcc53bc311ecab05707a4993925c3bd41d66a,true,False,896B,256,277610P,0.000u,0:01.000,ImageMagick 7.0.8-50 Q16 x86_64 2019-06-25 https://imagemagick.org
/Volumes/vs06-092017-062018/2017-11-november/11-14-2017/png/victoriaCrownedPigeon/victoriaCrownedPigeon.png,PNG (Portable Network Graphics),image/png,DirectClass,16x16+0+0,1x1,16x16,Undefined,sRGB,PaletteAlpha,Undefined,Undefined,8-bit,8-bit,8-bit,8-bit,1-bit,256,0,0.854902,0.271599,0.24304,-0.838382,0.598288,0.921587,0,1,0.471737,0.322116,-1.23676,0.146361,0.957578,0,0.996078,0.567632,0.314658,-1.25882,-0.149666,0.953708,0,1,0.996094,0.0625,249.023,-15.813,0.0368745,0,1,0.576765,0.235578,-1.49105,-0.174459,0.717437,256,Perceptual,0.454545,"(0.64,0.33)","(0.3,0.6)","(0.15,0.06)","(0.3127,0.329)",grey74,white,"srgb(223,223,223)",none,None,Undefined,Over,16x16+0+0,Undefined,0,Zip,Undefined,2019-08-23T00:24:11+00:00,2019-08-23T00:24:11+00:00,8,8,6,6 (RGBA),0 (Not interlaced),"16, 16","x_res=1, y_res=1, units=0",intent=0 (Perceptual Intent),dc75edb322f7319221044204a534e963dccd99bb44a9e0fcea4fa44d1fe86228,true,False,998B,256,266027P,0.000u,0:01.000,ImageMagick 7.0.8-50 Q16 x86_64 2019-06-25 https://imagemagick.org
/Volumes/vs06-092017-062018/2017-11-november/11-14-2017/png/yourHooks/yourHooks.png,PNG (Portable Network Graphics),image/png,DirectClass,16x16+0+0,1x1,16x16,Undefined,sRGB,PaletteAlpha,Undefined,Undefined,8-bit,8-bit,8-bit,8-bit,1-bit,256,0,0.996078,0.5714,0.326253,-1.35911,-0.109067,0.939912,0,1,0.235294,0.226417,0.918938,1.19177,0.918302,0,1,0.458931,0.324108,-1.2597,0.205985,0.961635,0,1,0.996094,0.0625,249.023,-15.813,0.0368745,0,1,0.56543,0.23482,-1.59148,-0.0979805,0.714181,256,Perceptual,0.454545,"(0.64,0.33)","(0.3,0.6)","(0.15,0.06)","(0.3127,0.329)",grey74,white,"srgb(223,223,223)",none,None,Undefined,Over,16x16+0+0,Undefined,0,Zip,Undefined,2019-08-23T00:24:20+00:00,2019-08-23T00:24:20+00:00,8,8,6,6 (RGBA),0 (Not interlaced),"16, 16","x_res=1, y_res=1, units=0",intent=0 (Perceptual Intent),530a41d7f7c8325637ac5a67bdd299051b1a4e9dddc20fb204d02ddcaa86220e,true,False,987B,256,265898P,0.000u,0:01.000,ImageMagick 7.0.8-50 Q16 x86_64 2019-06-25 https://imagemagick.org
/Volumes/vs06-092017-062018/2017-11-november/11-16-2017/png/dogfacediamondPreciousCastlePrison/dogfacediamondPreciousCastlePrison.png,PNG (Portable Network Graphics),image/png,DirectClass,16x16+0+0,1x1,16x16,Undefined,sRGB,PaletteAlpha,Undefined,Undefined,8-bit,8-bit,8-bit,8-bit,1-bit,256,0,1,0.725214,0.344095,-0.732565,-0.913868,0.799549,0,1,0.476547,0.311833,-1.26405,0.0461028,0.971125,0,1,0.58534,0.38198,-1.45959,-0.359885,0.882214,0,1,0.996094,0.0625,249.023,-15.813,0.0368745,0,1,0.695799,0.275102,-0.965471,-0.769209,0.672441,255,Perceptual,0.454545,"(0.64,0.33)","(0.3,0.6)","(0.15,0.06)","(0.3127,0.329)",grey74,white,"srgb(223,223,223)",none,None,Undefined,Over,16x16+0+0,Undefined,0,Zip,Undefined,2019-08-23T00:24:28+00:00,2019-08-23T00:24:28+00:00,8,8,6,6 (RGBA),0 (Not interlaced),"16, 16","x_res=1, y_res=1, units=0",intent=0 (Perceptual Intent),85414f57e1e42521c73cc4c87f3ae5a6ff2e8bb320af16e752d7dbfb483d2ba9,true,False,934B,256,230721P,0.000u,0:01.001,ImageMagick 7.0.8-50 Q16 x86_64 2019-06-25 https://imagemagick.org
/Volumes/vs06-092017-062018/2017-11-november/11-16-2017/png/driftingamongbladesLaidUpOnTheBurntCrayonRug/driftingamongbladesLaidUpOnTheBurntCrayonRug.png,PNG (Portable Network Graphics),image/png,DirectClass,16x16+0+0,1x1,16x16,Undefined,sRGB,PaletteAlpha,Undefined,Undefined,8-bit,8-bit,8-bit,8-bit,1-bit,256,0,1,0.59686,0.377703,-1.43126,-0.384313,0.855262,0,1,0.414614,0.340723,-1.33763,0.273874,0.935825,0,1,0.56659,0.39111,-1.57379,-0.264201,0.863423,0,1,0.996094,0.0625,249.023,-15.813,0.0368745,0,1,0.643539,0.293009,-1.33343,-0.554479,0.672846,255,Perceptual,0.454545,"(0.64,0.33)","(0.3,0.6)","(0.15,0.06)","(0.3127,0.329)",grey74,white,"srgb(223,223,223)",none,None,Undefined,Over,16x16+0+0,Undefined,0,Zip,Undefined,2019-08-23T00:25:02+00:00,2019-08-23T00:25:02+00:00,8,8,6,6 (RGBA),0 (Not interlaced),"16, 16","x_res=1, y_res=1, units=0",intent=0 (Perceptual Intent),0597f8a9e86acefb63fde0e5966c80280891ac71761517604faee3560783b7d3,true,False,932B,256,229186P,0.000u,0:01.001,ImageMagick 7.0.8-50 Q16 x86_64 2019-06-25 https://imagemagick.org
/Volumes/vs06-092017-062018/2017-11-november/11-16-2017/png/purplepillrunoffTheWarmConcreteBlanket/purplepillrunoffTheWarmConcreteBlanket.png,PNG (Portable Network Graphics),image/png,DirectClass,16x16+0+0,1x1,16x16,Undefined,sRGB,PaletteAlpha,Undefined,Undefined,8-bit,8-bit,8-bit,8-bit,1-bit,256,0,0.996078,0.620634,0.323585,-0.922916,-0.547957,0.921546,0,1,0.314124,0.27511,-0.292447,0.835788,0.946369,0,1,0.564338,0.32847,-1.35255,-0.0986582,0.952841,0,1,0.996094,0.0625,249.023,-15.813,0.0368745,0,1,0.623797,0.247416,-1.3973,-0.377134,0.714408,256,Perceptual,0.454545,"(0.64,0.33)","(0.3,0.6)","(0.15,0.06)","(0.3127,0.329)",grey74,white,"srgb(223,223,223)",none,None,Undefined,Over,16x16+0+0,Undefined,0,Zip,Undefined,2019-08-23T00:25:46+00:00,2019-08-23T00:25:46+00:00,8,8,6,6 (RGBA),0 (Not interlaced),"16, 16","x_res=1, y_res=1, units=0",intent=0 (Perceptual Intent),9c780b7f6db3db8a859890d65f1dd9033cda3765dff1e2ed0fb847779f4b0c0b,true,False,980B,256,255765P,0.000u,0:01.001,ImageMagick 7.0.8-50 Q16 x86_64 2019-06-25 https://imagemagick.org
/Volumes/vs06-092017-062018/2017-11-november/11-16-2017/png/rotatedLippedSquare/rotatedLippedSquare.png,PNG (Portable Network Graphics),image/png,DirectClass,16x16+0+0,1x1,16x16,Undefined,sRGB,PaletteAlpha,Undefined,Undefined,8-bit,8-bit,8-bit,8-bit,1-bit,256,0,0.87451,0.400827,0.232482,-1.12095,-0.617843,0.89551,0,1,0.383885,0.224057,-1.04403,-0.52705,0.907632,0,1,0.968015,0.0769658,97.0247,-8.45929,0.730558,0,1,0.996094,0.0625,249.023,-15.813,0.0368745,0,1,0.687205,0.149001,-0.859806,-0.663914,0.642644,253,Perceptual,0.454545,"(0.64,0.33)","(0.3,0.6)","(0.15,0.06)","(0.3127,0.329)",grey74,white,"srgb(223,223,223)",none,None,Undefined,Over,16x16+0+0,Undefined,0,Zip,Undefined,2019-08-23T00:25:49+00:00,2019-08-23T00:25:49+00:00,8,8,6,6 (RGBA),0 (Not interlaced),"16, 16","x_res=1, y_res=1, units=0",intent=0 (Perceptual Intent),a273a240c243d5f4c5e2c82280df0d2e07d676aaee21638ef2ec2750f1f39f8a,true,False,839B,256,240437P,0.000u,0:01.001,ImageMagick 7.0.8-50 Q16 x86_64 2019-06-25 https://imagemagick.org
/Volumes/vs06-092017-062018/2017-11-november/11-16-2017/png/seaWorm/seaWorm.png,PNG (Portable Network Graphics),image/png,DirectClass,16x16+0+0,1x1,16x16,Undefined,sRGB,PaletteAlpha,Undefined,Undefined,8-bit,8-bit,8-bit,8-bit,1-bit,256,0,1,0.618015,0.351833,-1.20169,-0.492854,0.921757,0,1,0.431219,0.319954,-1.23255,0.179096,0.951003,0,1,0.603094,0.353549,-1.29888,-0.407425,0.93381,0,1,0.996094,0.0625,249.023,-15.813,0.0368745,0,1,0.662106,0.271959,-1.13103,-0.620777,0.710861,256,Perceptual,0.454545,"(0.64,0.33)","(0.3,0.6)","(0.15,0.06)","(0.3127,0.329)",grey74,white,"srgb(223,223,223)",none,None,Undefined,Over,16x16+0+0,Undefined,0,Zip,Undefined,2019-08-23T00:26:35+00:00,2019-08-23T00:26:35+00:00,8,8,6,6 (RGBA),0 (Not interlaced),"16, 16","x_res=1, y_res=1, units=0",intent=0 (Perceptual Intent),569cf2981bc18bc2983674c9970c3a0193f61152f02cae91b1d329b601cd14bb,true,False,968B,256,287958P,0.000u,0:01.000,ImageMagick 7.0.8-50 Q16 x86_64 2019-06-25 https://imagemagick.org
/Volumes/vs06-092017-062018/2017-11-november/11-16-2017/png/theconflictedraysofThePersonalVision/theconflictedraysofThePersonalVision.png,PNG (Portable Network Graphics),image/png,DirectClass,16x16+0+0,1x1,16x16,Undefined,sRGB,PaletteAlpha,Undefined,Undefined,8-bit,8-bit,8-bit,8-bit,1-bit,256,0,1,0.545358,0.339758,-1.29314,-0.182612,0.946924,0,1,0.310662,0.280332,-0.244079,0.852415,0.924211,0,0.996078,0.540931,0.343446,-1.38288,-0.106518,0.935948,0,1,0.996094,0.0625,249.023,-15.813,0.0368745,0,1,0.598261,0.256509,-1.48716,-0.280212,0.710989,256,Perceptual,0.454545,"(0.64,0.33)","(0.3,0.6)","(0.15,0.06)","(0.3127,0.329)",grey74,white,"srgb(223,223,223)",none,None,Undefined,Over,16x16+0+0,Undefined,0,Zip,Undefined,2019-08-23T00:26:55+00:00,2019-08-23T00:26:55+00:00,8,8,6,6 (RGBA),0 (Not interlaced),"16, 16","x_res=1, y_res=1, units=0",intent=0 (Perceptual Intent),34ddca4faa299a7785992b2606e90744c9682f5727ee8391c7b927134d02818b,true,False,990B,256,251189P,0.000u,0:01.001,ImageMagick 7.0.8-50 Q16 x86_64 2019-06-25 https://imagemagick.org
/Volumes/vs06-092017-062018/2017-11-november/11-16-2017/png/thesnakebendsIgnoringThornyRoses/thesnakebendsIgnoringThornyRoses.png,PNG (Portable Network Graphics),image/png,DirectClass,16x16+0+0,1x1,16x16,Undefined,sRGB,PaletteAlpha,Undefined,Undefined,8-bit,8-bit,8-bit,8-bit,1-bit,256,0,1,0.713863,0.337712,-0.74942,-0.868558,0.868381,0,1,0.360141,0.285865,-0.897537,0.507546,0.956501,0,1,0.50553,0.353996,-1.41999,0.0117589,0.927766,0,1,0.996094,0.0625,249.023,-15.813,0.0368745,0,1,0.643907,0.260018,-1.35652,-0.484434,0.697381,256,Perceptual,0.454545,"(0.64,0.33)","(0.3,0.6)","(0.15,0.06)","(0.3127,0.329)",grey74,white,"srgb(223,223,223)",none,None,Undefined,Over,16x16+0+0,Undefined,0,Zip,Undefined,2019-08-23T00:27:24+00:00,2019-08-23T00:27:24+00:00,8,8,6,6 (RGBA),0 (Not interlaced),"16, 16","x_res=1, y_res=1, units=0",intent=0 (Perceptual Intent),86ea1a101ff9db3fb4f0c9a51ca6a501c9e0bb022eb1869cf3d64d49bb57e31c,true,False,960B,256,191789P,0.000u,0:01.001,ImageMagick 7.0.8-50 Q16 x86_64 2019-06-25 https://imagemagick.org
/Volumes/vs06-092017-062018/2017-11-november/11-21-2017/png/antennaFrequencyRunoff/antennaFrequencyRunoff.png,PNG (Portable Network Graphics),image/png,DirectClass,16x16+0+0,1x1,16x16,Undefined,sRGB,PaletteAlpha,Undefined,Undefined,8-bit,8-bit,8-bit,8-bit,1-bit,256,0,0.996078,0.293107,0.277907,-0.312722,0.845248,0.943075,0,1,0.276517,0.270345,-0.166041,0.899521,0.909946,0,0.996078,0.392142,0.29376,-0.865305,0.469516,0.953717,0,1,0.996094,0.0625,249.023,-15.813,0.0368745,0,1,0.489465,0.226128,-1.54097,0.197768,0.710903,256,Perceptual,0.454545,"(0.64,0.33)","(0.3,0.6)","(0.15,0.06)","(0.3127,0.329)",grey74,white,"srgb(223,223,223)",none,None,Undefined,Over,16x16+0+0,Undefined,0,Zip,Undefined,2019-08-23T00:27:28+00:00,2019-08-23T00:27:28+00:00,8,8,6,6 (RGBA),0 (Not interlaced),"16, 16","x_res=1, y_res=1, units=0",intent=0 (Perceptual Intent),b837131487aea96fd5822e1cafcf6520eb935afcc49d8933aa1b31d331557b5d,true,False,971B,256,249107P,0.000u,0:01.001,ImageMagick 7.0.8-50 Q16 x86_64 2019-06-25 https://imagemagick.org
/Volumes/vs06-092017-062018/2017-11-november/11-21-2017/png/bendingcocktailswordsKnockedMilkBottle/bendingcocktailswordsKnockedMilkBottle.png,PNG (Portable Network Graphics),image/png,DirectClass,16x16+0+0,1x1,16x16,Undefined,sRGB,PaletteAlpha,Undefined,Undefined,8-bit,8-bit,8-bit,8-bit,1-bit,256,0,1,0.342662,0.286907,-0.550368,0.734688,0.967374,0,1,0.346308,0.302958,-0.427578,0.862045,0.945936,0,1,0.670527,0.307321,-0.989464,-0.5159,0.908548,0,1,0.996094,0.0625,249.023,-15.813,0.0368745,0,1,0.588898,0.239922,-1.57924,-0.179355,0.714683,256,Perceptual,0.454545,"(0.64,0.33)","(0.3,0.6)","(0.15,0.06)","(0.3127,0.329)",grey74,white,"srgb(223,223,223)",none,None,Undefined,Over,16x16+0+0,Undefined,0,Zip,Undefined,2019-08-23T00:27:40+00:00,2019-08-23T00:27:40+00:00,8,8,6,6 (RGBA),0 (Not interlaced),"16, 16","x_res=1, y_res=1, units=0",intent=0 (Perceptual Intent),e8f7fa2ca393249d8d00324afba75a1b7d82834f630107e5d00406ac55b1ca55,true,False,982B,256,241041P,0.000u,0:01.001,ImageMagick 7.0.8-50 Q16 x86_64 2019-06-25 https://imagemagick.org
/Volumes/vs06-092017-062018/2017-11-november/11-21-2017/png/billowedcompoundmemoriesmanufacturedBidirectionalSmokePropagandistLexicon/billowedcompoundmemoriesmanufacturedBidirectionalSmokePropagandistLexicon.png,PNG (Portable Network Graphics),image/png,DirectClass,16x16+0+0,1x1,16x16,Undefined,sRGB,PaletteAlpha,Undefined,Undefined,8-bit,8-bit,8-bit,8-bit,1-bit,256,0,0.996078,0.514691,0.285584,-1.16293,-0.175758,0.975635,0,1,0.505699,0.312568,-1.24521,-0.0829851,0.964583,0,1,0.759314,0.307664,-0.195263,-1.07949,0.833852,0,1,0.996094,0.0625,249.023,-15.813,0.0368745,0,1,0.693949,0.242079,-0.906827,-0.705961,0.702736,254,Perceptual,0.454545,"(0.64,0.33)","(0.3,0.6)","(0.15,0.06)","(0.3127,0.329)",grey74,white,"srgb(223,223,223)",none,None,Undefined,Over,16x16+0+0,Undefined,0,Zip,Undefined,2019-08-23T00:27:50+00:00,2019-08-23T00:27:50+00:00,8,8,6,6 (RGBA),0 (Not interlaced),"16, 16","x_res=1, y_res=1, units=0",intent=0 (Perceptual Intent),69aea1cbe46fef9f643e39e14ca921e22c41b156fcfb646cf9d5f92f4be93457,true,False,976B,256,253987P,0.000u,0:01.001,ImageMagick 7.0.8-50 Q16 x86_64 2019-06-25 https://imagemagick.org
/Volumes/vs06-092017-062018/2017-11-november/11-21-2017/png/contrivecurtainchainmailGoldenFleeceLined/contrivecurtainchainmailGoldenFleeceLined.png,PNG (Portable Network Graphics),image/png,DirectClass,16x16+0+0,1x1,16x16,Undefined,sRGB,PaletteAlpha,Undefined,Undefined,8-bit,8-bit,8-bit,8-bit,1-bit,256,0,1,0.690855,0.303671,-0.816358,-0.685679,0.903327,0,1,0.505515,0.342522,-1.39664,0.0699115,0.945149,0,1,0.36273,0.315559,-1.09946,0.489729,0.950964,0,1,0.996094,0.0625,249.023,-15.813,0.0368745,0,1,0.638798,0.256063,-1.33289,-0.472482,0.709079,256,Perceptual,0.454545,"(0.64,0.33)","(0.3,0.6)","(0.15,0.06)","(0.3127,0.329)",grey74,white,"srgb(223,223,223)",none,None,Undefined,Over,16x16+0+0,Undefined,0,Zip,Undefined,2019-08-23T00:27:56+00:00,2019-08-23T00:27:56+00:00,8,8,6,6 (RGBA),0 (Not interlaced),"16, 16","x_res=1, y_res=1, units=0",intent=0 (Perceptual Intent),a94f39c8cd109209a48b6a5d022badba3ff0aaa1f2a67dcf2688f94be390c4a3,true,False,980B,256,247176P,0.000u,0:01.001,ImageMagick 7.0.8-50 Q16 x86_64 2019-06-25 https://imagemagick.org
/Volumes/vs06-092017-062018/2017-11-november/11-21-2017/png/evergracefulWhiteColumnDoorwayCrack/evergracefulWhiteColumnDoorwayCrack.png,PNG (Portable Network Graphics),image/png,DirectClass,16x16+0+0,1x1,16x16,Undefined,sRGB,PaletteAlpha,Undefined,Undefined,8-bit,8-bit,8-bit,8-bit,1-bit,256,0,0.862745,0.337638,0.280671,-1.47785,0.213313,0.914068,0,1,0.454841,0.269117,-0.938691,-0.132847,0.9652,0,1,0.842494,0.276186,1.67204,-1.73192,0.725955,0,1,0.996094,0.0625,249.023,-15.813,0.0368745,0,1,0.657767,0.222118,-1.1601,-0.568441,0.660524,256,Perceptual,0.454545,"(0.64,0.33)","(0.3,0.6)","(0.15,0.06)","(0.3127,0.329)",grey74,white,"srgb(223,223,223)",none,None,Undefined,Over,16x16+0+0,Undefined,0,Zip,Undefined,2019-08-23T00:28:23+00:00,2019-08-23T00:28:23+00:00,8,8,6,6 (RGBA),0 (Not interlaced),"16, 16","x_res=1, y_res=1, units=0",intent=0 (Perceptual Intent),8edc88c005d38f4b8bf0008ddee5edeb62caa5c3f8c1e3989b52b8e755c8268f,true,False,934B,256,234692P,0.000u,0:01.001,ImageMagick 7.0.8-50 Q16 x86_64 2019-06-25 https://imagemagick.org
/Volumes/vs06-092017-062018/2017-11-november/11-21-2017/png/fishingwithdadSacoThumbHook/fishingwithdadSacoThumbHook.png,PNG (Portable Network Graphics),image/png,DirectClass,16x16+0+0,1x1,16x16,Undefined,sRGB,PaletteAlpha,Undefined,Undefined,8-bit,8-bit,8-bit,8-bit,1-bit,256,0,1,0.445358,0.290084,-1.05768,0.281728,0.974143,0,1,0.466559,0.295103,-1.13136,0.214892,0.972143,0,0.996078,0.560049,0.313351,-1.2633,-0.0552897,0.935538,0,1,0.996094,0.0625,249.023,-15.813,0.0368745,0,1,0.617015,0.240259,-1.40222,-0.258893,0.729675,256,Perceptual,0.454545,"(0.64,0.33)","(0.3,0.6)","(0.15,0.06)","(0.3127,0.329)",grey74,white,"srgb(223,223,223)",none,None,Undefined,Over,16x16+0+0,Undefined,0,Zip,Undefined,2019-08-23T00:28:28+00:00,2019-08-23T00:28:28+00:00,8,8,6,6 (RGBA),0 (Not interlaced),"16, 16","x_res=1, y_res=1, units=0",intent=0 (Perceptual Intent),0ae28687a4c09a9379a8571a6e23ac6d242a0a66fb2cb06b1446d1cd6b0e0881,true,False,1013B,256,240156P,0.000u,0:01.001,ImageMagick 7.0.8-50 Q16 x86_64 2019-06-25 https://imagemagick.org
/Volumes/vs06-092017-062018/2017-11-november/11-21-2017/png/glassChapel/glassChapel.png,PNG (Portable Network Graphics),image/png,DirectClass,16x16+0+0,1x1,16x16,Undefined,sRGB,PaletteAlpha,Undefined,Undefined,8-bit,8-bit,8-bit,8-bit,1-bit,256,0,0.752941,0.23678,0.17492,-0.209483,0.752896,0.962483,0,1,0.446615,0.268663,-0.827915,0.273693,0.969169,0,1,0.52163,0.291679,-1.08103,0.0534101,0.962363,0,1,0.996094,0.0625,249.023,-15.813,0.0368745,0,1,0.55028,0.199441,-1.49153,0.0585584,0.732722,256,Perceptual,0.454545,"(0.64,0.33)","(0.3,0.6)","(0.15,0.06)","(0.3127,0.329)",grey74,white,"srgb(223,223,223)",none,None,Undefined,Over,16x16+0+0,Undefined,0,Zip,Undefined,2019-08-23T00:28:33+00:00,2019-08-23T00:28:33+00:00,8,8,6,6 (RGBA),0 (Not interlaced),"16, 16","x_res=1, y_res=1, units=0",intent=0 (Perceptual Intent),03a0df4a8f180332380ee202884bc35c1336ca7cd39258f8b5e493bad34078d0,true,False,1000B,256,244833P,0.000u,0:01.001,ImageMagick 7.0.8-50 Q16 x86_64 2019-06-25 https://imagemagick.org
/Volumes/vs06-092017-062018/2017-11-november/11-21-2017/png/noticablelayersAmongstBereavementAndWonder/noticablelayersAmongstBereavementAndWonder.png,PNG (Portable Network Graphics),image/png,DirectClass,16x16+0+0,1x1,16x16,Undefined,sRGB,PaletteAlpha,Undefined,Undefined,8-bit,8-bit,8-bit,8-bit,1-bit,256,0,0.854902,0.195527,0.188031,1.017,1.1916,0.938606,0,1,0.438986,0.277564,-0.732882,0.350228,0.963768,0,1,0.719179,0.295328,-0.570282,-0.818653,0.893618,0,1,0.996094,0.0625,249.023,-15.813,0.0368745,0,1,0.587446,0.205856,-1.55851,-0.184336,0.708217,256,Perceptual,0.454545,"(0.64,0.33)","(0.3,0.6)","(0.15,0.06)","(0.3127,0.329)",grey74,white,"srgb(223,223,223)",none,None,Undefined,Over,16x16+0+0,Undefined,0,Zip,Undefined,2019-08-23T00:28:42+00:00,2019-08-23T00:28:42+00:00,8,8,6,6 (RGBA),0 (Not interlaced),"16, 16","x_res=1, y_res=1, units=0",intent=0 (Perceptual Intent),0befc01e54021b459063b600d17a92a001f977b5b04e5bd159d9354de1a17f79,true,False,997B,256,256516P,0.000u,0:01.000,ImageMagick 7.0.8-50 Q16 x86_64 2019-06-25 https://imagemagick.org
/Volumes/vs06-092017-062018/2017-11-november/11-21-2017/png/pocketirruptNibLeakingThoughOil/pocketirruptNibLeakingThoughOil.png,PNG (Portable Network Graphics),image/png,DirectClass,16x16+0+0,1x1,16x16,Undefined,sRGB,PaletteAlpha,Undefined,Undefined,8-bit,8-bit,8-bit,8-bit,1-bit,256,0,0.886275,0.245741,0.227895,-0.0154815,0.912226,0.932731,0,1,0.479381,0.305396,-1.09903,0.201454,0.967989,0,1,0.717494,0.290063,-0.424212,-0.845135,0.91934,0,1,0.996094,0.0625,249.023,-15.813,0.0368745,0,1,0.609678,0.221464,-1.46475,-0.302674,0.714234,256,Perceptual,0.454545,"(0.64,0.33)","(0.3,0.6)","(0.15,0.06)","(0.3127,0.329)",grey74,white,"srgb(223,223,223)",none,None,Undefined,Over,16x16+0+0,Undefined,0,Zip,Undefined,2019-08-23T00:28:53+00:00,2019-08-23T00:28:53+00:00,8,8,6,6 (RGBA),0 (Not interlaced),"16, 16","x_res=1, y_res=1, units=0",intent=0 (Perceptual Intent),34fc6ad32375636d4d9f5dd426d8896748667500fe54b220f075499f01c55853,true,False,987B,256,249702P,0.000u,0:01.001,ImageMagick 7.0.8-50 Q16 x86_64 2019-06-25 https://imagemagick.org
/Volumes/vs06-092017-062018/2017-11-november/11-21-2017/png/quadContact/quadContact.png,PNG (Portable Network Graphics),image/png,DirectClass,16x16+0+0,1x1,16x16,Undefined,sRGB,PaletteAlpha,Undefined,Undefined,8-bit,8-bit,8-bit,8-bit,1-bit,256,0,0.803922,0.24401,0.198609,0.274801,0.940235,0.954959,0,1,0.396354,0.248913,-0.345409,0.457332,0.968164,0,1,0.647472,0.24428,-0.870162,-0.110566,0.931821,0,1,0.996094,0.0625,249.023,-15.813,0.0368745,0,1,0.570983,0.188575,-1.44377,-0.0370685,0.722955,256,Perceptual,0.454545,"(0.64,0.33)","(0.3,0.6)","(0.15,0.06)","(0.3127,0.329)",grey74,white,"srgb(223,223,223)",none,None,Undefined,Over,16x16+0+0,Undefined,0,Zip,Undefined,2019-08-23T00:29:03+00:00,2019-08-23T00:29:03+00:00,8,8,6,6 (RGBA),0 (Not interlaced),"16, 16","x_res=1, y_res=1, units=0",intent=0 (Perceptual Intent),fb7ea05ceda8c4ad06f1a1d421c64e793369c5a342471091b3fd6b23297aea9c,true,False,995B,256,283310P,0.000u,0:01.000,ImageMagick 7.0.8-50 Q16 x86_64 2019-06-25 https://imagemagick.org
/Volumes/vs06-092017-062018/2017-11-november/11-21-2017/png/spocksdriftingStarfleetInsignia/spocksdriftingStarfleetInsignia.png,PNG (Portable Network Graphics),image/png,DirectClass,16x16+0+0,1x1,16x16,Undefined,sRGB,PaletteAlpha,Undefined,Undefined,8-bit,8-bit,8-bit,8-bit,1-bit,256,0,0.121569,0.00827206,0.0194596,14.699,3.66034,0.51175,0,1,0.346339,0.334193,-1.13862,0.535349,0.869791,0,1,0.500751,0.315491,-1.30872,0.00361029,0.97156,0,1,0.996094,0.0625,249.023,-15.813,0.0368745,0,1,0.462864,0.182911,-1.71628,0.164833,0.597494,251,Perceptual,0.454545,"(0.64,0.33)","(0.3,0.6)","(0.15,0.06)","(0.3127,0.329)",grey74,white,"srgb(223,223,223)",none,None,Undefined,Over,16x16+0+0,Undefined,0,Zip,Undefined,2019-08-23T00:29:07+00:00,2019-08-23T00:29:07+00:00,8,8,6,6 (RGBA),0 (Not interlaced),"16, 16","x_res=1, y_res=1, units=0",intent=0 (Perceptual Intent),7afbc07ea0225539bd12ca9e5787bddfb5abe66530c32e021a7b20ed2f18dc6f,true,False,853B,256,261250P,0.000u,0:01.000,ImageMagick 7.0.8-50 Q16 x86_64 2019-06-25 https://imagemagick.org
/Volumes/vs06-092017-062018/2017-11-november/11-21-2017/png/theelectricreflectionoftheonewayforgeNorthboundBridgeBacteriaMist/theelectricreflectionoftheonewayforgeNorthboundBridgeBacteriaMist.png,PNG (Portable Network Graphics),image/png,DirectClass,16x16+0+0,1x1,16x16,Undefined,sRGB,PaletteAlpha,Undefined,Undefined,8-bit,8-bit,8-bit,8-bit,1-bit,256,0,0.811765,0.350214,0.250242,-1.25698,0.208276,0.958237,0,1,0.580882,0.276923,-0.861216,-0.0825752,0.945792,0,1,0.817862,0.234874,0.00445934,-1.09097,0.770446,0,1,0.996094,0.0625,249.023,-15.813,0.0368745,0,1,0.686263,0.206135,-1.01164,-0.593909,0.677837,256,Perceptual,0.454545,"(0.64,0.33)","(0.3,0.6)","(0.15,0.06)","(0.3127,0.329)",grey74,white,"srgb(223,223,223)",none,None,Undefined,Over,16x16+0+0,Undefined,0,Zip,Undefined,2019-08-23T00:29:25+00:00,2019-08-23T00:29:25+00:00,8,8,6,6 (RGBA),0 (Not interlaced),"16, 16","x_res=1, y_res=1, units=0",intent=0 (Perceptual Intent),478cc325986d2ea536464ba8471cc38459c26e0b70374bdcc2347a56a0faee69,true,False,967B,256,230603P,0.000u,0:01.001,ImageMagick 7.0.8-50 Q16 x86_64 2019-06-25 https://imagemagick.org
/Volumes/vs06-092017-062018/2017-11-november/11-21-2017/png/theorganizedpeelAssociatedWithDegloving/theorganizedpeelAssociatedWithDegloving.png,PNG (Portable Network Graphics),image/png,DirectClass,16x16+0+0,1x1,16x16,Undefined,sRGB,PaletteAlpha,Undefined,Undefined,8-bit,8-bit,8-bit,8-bit,1-bit,256,0,0.996078,0.471078,0.322104,-1.22144,0.0189566,0.941378,0,1,0.532889,0.318199,-1.25134,-0.145845,0.972052,0,0.803922,0.237086,0.224859,-0.865012,0.562481,0.877396,0,1,0.996094,0.0625,249.023,-15.813,0.0368745,0,1,0.559287,0.231916,-1.4811,-0.148354,0.706925,256,Perceptual,0.454545,"(0.64,0.33)","(0.3,0.6)","(0.15,0.06)","(0.3127,0.329)",grey74,white,"srgb(223,223,223)",none,None,Undefined,Over,16x16+0+0,Undefined,0,Zip,Undefined,2019-08-23T00:29:38+00:00,2019-08-23T00:29:38+00:00,8,8,6,6 (RGBA),0 (Not interlaced),"16, 16","x_res=1, y_res=1, units=0",intent=0 (Perceptual Intent),db9302b4f8a979d3d73dadcc44f61a0678520120abb2633e5803f022b9e27671,true,False,979B,256,221453P,0.000u,0:01.001,ImageMagick 7.0.8-50 Q16 x86_64 2019-06-25 https://imagemagick.org
/Volumes/vs06-092017-062018/2017-11-november/11-21-2017/png/theshadesofmauvePickingRelationshipFood/theshadesofmauvePickingRelationshipFood.png,PNG (Portable Network Graphics),image/png,DirectClass,16x16+0+0,1x1,16x16,Undefined,sRGB,PaletteAlpha,Undefined,Undefined,8-bit,8-bit,8-bit,8-bit,1-bit,256,0,0.992157,0.387883,0.287606,-0.951047,0.4613,0.974003,0,1,0.367816,0.284496,-0.872802,0.515011,0.970655,0,1,0.636734,0.300319,-1.12278,-0.365789,0.93312,0,1,0.996094,0.0625,249.023,-15.813,0.0368745,0,1,0.597132,0.23373,-1.47385,-0.219285,0.728663,255,Perceptual,0.454545,"(0.64,0.33)","(0.3,0.6)","(0.15,0.06)","(0.3127,0.329)",grey74,white,"srgb(223,223,223)",none,None,Undefined,Over,16x16+0+0,Undefined,0,Zip,Undefined,2019-08-23T00:29:51+00:00,2019-08-23T00:29:51+00:00,8,8,6,6 (RGBA),0 (Not interlaced),"16, 16","x_res=1, y_res=1, units=0",intent=0 (Perceptual Intent),15e44e0f8f5a52015d256beaec19f2dd04c5e125d2a2d5f6010d772e2e7288ef,true,False,985B,256,282140P,0.000u,0:01.000,ImageMagick 7.0.8-50 Q16 x86_64 2019-06-25 https://imagemagick.org
/Volumes/vs06-092017-062018/2017-11-november/11-22-2017/png/aboundcylinderendoflifeplacementSelectMethodTHEEPISTLEOFTHEWITCHCITY/aboundcylinderendoflifeplacementSelectMethodTHEEPISTLEOFTHEWITCHCITY.png,PNG (Portable Network Graphics),image/png,DirectClass,16x16+0+0,1x1,16x16,Undefined,sRGB,PaletteAlpha,Undefined,Undefined,8-bit,8-bit,8-bit,8-bit,1-bit,256,0,1,0.768428,0.276361,0.5613,-1.23193,0.842052,0,1,0.521523,0.282733,-1.01938,-0.0418238,0.977924,0,1,0.490472,0.287591,-1.02725,0.0996222,0.972877,0,1,0.996094,0.0625,249.023,-15.813,0.0368745,0,1,0.694129,0.227296,-0.922923,-0.648,0.707432,256,Perceptual,0.454545,"(0.64,0.33)","(0.3,0.6)","(0.15,0.06)","(0.3127,0.329)",grey74,white,"srgb(223,223,223)",none,None,Undefined,Over,16x16+0+0,Undefined,0,Zip,Undefined,2019-08-23T00:30:00+00:00,2019-08-23T00:30:00+00:00,8,8,6,6 (RGBA),0 (Not interlaced),"16, 16","x_res=1, y_res=1, units=0",intent=0 (Perceptual Intent),15685d1f3a7b9c0b2aa2e0670f01fb97c64a9bb2d03e5f7b57cea04efbb48e85,true,False,1001B,256,292661P,0.000u,0:01.000,ImageMagick 7.0.8-50 Q16 x86_64 2019-06-25 https://imagemagick.org
/Volumes/vs06-092017-062018/2017-11-november/11-22-2017/png/correctionfluidandtearsErasedThePsittacine/correctionfluidandtearsErasedThePsittacine.png,PNG (Portable Network Graphics),image/png,DirectClass,16x16+0+0,1x1,16x16,Undefined,sRGB,PaletteAlpha,Undefined,Undefined,8-bit,8-bit,8-bit,8-bit,1-bit,256,0,0.996078,0.18917,0.3066,0.800181,1.49382,0.698613,0,1,0.66034,0.327104,-1.05954,-0.627261,0.940918,0,1,0.552374,0.377562,-1.51854,-0.207241,0.91858,0,1,0.996094,0.0625,249.023,-15.813,0.0368745,0,1,0.599494,0.268441,-1.56268,-0.400037,0.648747,255,Perceptual,0.454545,"(0.64,0.33)","(0.3,0.6)","(0.15,0.06)","(0.3127,0.329)",grey74,white,"srgb(223,223,223)",none,None,Undefined,Over,16x16+0+0,Undefined,0,Zip,Undefined,2019-08-23T00:30:13+00:00,2019-08-23T00:30:13+00:00,8,8,6,6 (RGBA),0 (Not interlaced),"16, 16","x_res=1, y_res=1, units=0",intent=0 (Perceptual Intent),70d667989cb8677855cfcf55870b1a40719447fa1f3aaa607f4e071dbc7d53f6,true,False,909B,256,257193P,0.000u,0:01.000,ImageMagick 7.0.8-50 Q16 x86_64 2019-06-25 https://imagemagick.org
/Volumes/vs06-092017-062018/2017-11-november/11-22-2017/png/iniquitoussputumrippleWaitingForTheDrain/iniquitoussputumrippleWaitingForTheDrain.png,PNG (Portable Network Graphics),image/png,DirectClass,16x16+0+0,1x1,16x16,Undefined,sRGB,PaletteAlpha,Undefined,Undefined,8-bit,8-bit,8-bit,8-bit,1-bit,256,0,0.972549,0.103401,0.215803,4.97932,2.42388,0.650258,0,1,0.661167,0.310235,-0.936239,-0.6237,0.952262,0,1,0.623468,0.343577,-1.27179,-0.387974,0.913383,0,1,0.996094,0.0625,249.023,-15.813,0.0368745,0,1,0.596032,0.233029,-1.56222,-0.379525,0.638195,255,Perceptual,0.454545,"(0.64,0.33)","(0.3,0.6)","(0.15,0.06)","(0.3127,0.329)",grey74,white,"srgb(223,223,223)",none,None,Undefined,Over,16x16+0+0,Undefined,0,Zip,Undefined,2019-08-23T00:30:21+00:00,2019-08-23T00:30:21+00:00,8,8,6,6 (RGBA),0 (Not interlaced),"16, 16","x_res=1, y_res=1, units=0",intent=0 (Perceptual Intent),a7ae470fb0bba504a877c0d7d6adf56961104bad401e21f97a9e77a316305c50,true,False,921B,256,155324P,0.000u,0:01.001,ImageMagick 7.0.8-50 Q16 x86_64 2019-06-25 https://imagemagick.org
/Volumes/vs06-092017-062018/2017-11-november/11-22-2017/png/iniquitoussputumrippleWaitingForTheDrain_1/iniquitoussputumrippleWaitingForTheDrain_1.png,PNG (Portable Network Graphics),image/png,DirectClass,16x16+0+0,1x1,16x16,Undefined,sRGB,PaletteAlpha,Undefined,Undefined,8-bit,8-bit,8-bit,8-bit,1-bit,256,0,0.972549,0.171553,0.216035,3.17017,1.98193,0.905027,0,1,0.760631,0.301054,-0.464303,-0.948281,0.737176,0,1,0.672135,0.323277,-1.03997,-0.583034,0.913257,0,1,0.996094,0.0625,249.023,-15.813,0.0368745,0,1,0.650103,0.225717,-1.44343,-0.516876,0.648084,254,Perceptual,0.454545,"(0.64,0.33)","(0.3,0.6)","(0.15,0.06)","(0.3127,0.329)",grey74,white,"srgb(223,223,223)",none,None,Undefined,Over,16x16+0+0,Undefined,0,Zip,Undefined,2019-08-23T00:30:39+00:00,2019-08-23T00:30:39+00:00,8,8,6,6 (RGBA),0 (Not interlaced),"16, 16","x_res=1, y_res=1, units=0",intent=0 (Perceptual Intent),cc8e14e233a8b7876ae28d9ca7c1e1b435d6e8a7a57cb2d8d5fc3a3b81603af4,true,False,905B,256,237342P,0.000u,0:01.001,ImageMagick 7.0.8-50 Q16 x86_64 2019-06-25 https://imagemagick.org
/Volumes/vs06-092017-062018/2017-11-november/11-22-2017/png/nightsweatsWakeToWindyThreads/nightsweatsWakeToWindyThreads.png,PNG (Portable Network Graphics),image/png,DirectClass,16x16+0+0,1x1,16x16,Undefined,sRGB,PaletteAlpha,Undefined,Undefined,8-bit,8-bit,8-bit,8-bit,1-bit,256,0,0.996078,0.337377,0.246659,-0.121237,0.692279,0.963804,0,1,0.324357,0.240487,0.0222071,0.74488,0.957901,0,0.996078,0.511688,0.295799,-1.15655,0.13583,0.955075,0,1,0.996094,0.0625,249.023,-15.813,0.0368745,0,1,0.542379,0.211361,-1.48299,0.095084,0.728414,256,Perceptual,0.454545,"(0.64,0.33)","(0.3,0.6)","(0.15,0.06)","(0.3127,0.329)",grey74,white,"srgb(223,223,223)",none,None,Undefined,Over,16x16+0+0,Undefined,0,Zip,Undefined,2019-08-23T00:30:46+00:00,2019-08-23T00:30:46+00:00,8,8,6,6 (RGBA),0 (Not interlaced),"16, 16","x_res=1, y_res=1, units=0",intent=0 (Perceptual Intent),ad3c0a3ae806f5aed42af93b12b9af991345eccc2c1ee1f1862f6e786172b5d6,true,False,985B,256,292797P,0.000u,0:01.000,ImageMagick 7.0.8-50 Q16 x86_64 2019-06-25 https://imagemagick.org
/Volumes/vs06-092017-062018/2017-11-november/11-22-2017/png/overcometheoverwhelmingnotionsThinkBeyondTheSmutchConfinesOfTorture/overcometheoverwhelmingnotionsThinkBeyondTheSmutchConfinesOfTorture.png,PNG (Portable Network Graphics),image/png,DirectClass,16x16+0+0,1x1,16x16,Undefined,sRGB,PaletteAlpha,Undefined,Undefined,8-bit,8-bit,8-bit,8-bit,1-bit,256,0,0.643137,0.286581,0.167509,-0.929567,0.314237,0.957706,0,1,0.42284,0.280339,-0.821733,0.381392,0.962896,0,0.996078,0.455607,0.260139,-0.671428,0.348614,0.966627,0,1,0.996094,0.0625,249.023,-15.813,0.0368745,0,1,0.54028,0.192622,-1.421,0.171018,0.731026,256,Perceptual,0.454545,"(0.64,0.33)","(0.3,0.6)","(0.15,0.06)","(0.3127,0.329)",grey74,white,"srgb(223,223,223)",none,None,Undefined,Over,16x16+0+0,Undefined,0,Zip,Undefined,2019-08-23T00:31:00+00:00,2019-08-23T00:31:00+00:00,8,8,6,6 (RGBA),0 (Not interlaced),"16, 16","x_res=1, y_res=1, units=0",intent=0 (Perceptual Intent),1fe67aaf693a595335234fe4c4fdac1eb68f901f1798c519d744d6719d3b578b,true,False,999B,256,230577P,0.000u,0:01.001,ImageMagick 7.0.8-50 Q16 x86_64 2019-06-25 https://imagemagick.org
/Volumes/vs06-092017-062018/2017-11-november/11-22-2017/png/purifiedMucus/purifiedMucus.png,PNG (Portable Network Graphics),image/png,DirectClass,16x16+0+0,1x1,16x16,Undefined,sRGB,PaletteAlpha,Undefined,Undefined,8-bit,8-bit,8-bit,8-bit,1-bit,256,0,0.996078,0.677237,0.31824,-0.774618,-0.721918,0.893675,0,1,0.791942,0.29034,0.461326,-1.31167,0.781913,0,0.996078,0.457966,0.347937,-1.32314,0.187658,0.919016,0,1,0.996094,0.0625,249.023,-15.813,0.0368745,0,1,0.73081,0.254754,-0.557287,-0.953445,0.65787,253,Perceptual,0.454545,"(0.64,0.33)","(0.3,0.6)","(0.15,0.06)","(0.3127,0.329)",grey74,white,"srgb(223,223,223)",none,None,Undefined,Over,16x16+0+0,Undefined,0,Zip,Undefined,2019-08-23T00:31:24+00:00,2019-08-23T00:31:24+00:00,8,8,6,6 (RGBA),0 (Not interlaced),"16, 16","x_res=1, y_res=1, units=0",intent=0 (Perceptual Intent),b05187b5d7bd2e667956736ecd532d01eb3f34e5d17e9d65382a3737f0237687,true,False,910B,256,214604P,0.000u,0:01.001,ImageMagick 7.0.8-50 Q16 x86_64 2019-06-25 https://imagemagick.org
/Volumes/vs06-092017-062018/2017-11-november/11-22-2017/png/takeyourDailyInformationPill/takeyourDailyInformationPill.png,PNG (Portable Network Graphics),image/png,DirectClass,16x16+0+0,1x1,16x16,Undefined,sRGB,PaletteAlpha,Undefined,Undefined,8-bit,8-bit,8-bit,8-bit,1-bit,256,0,0.996078,0.188863,0.276197,0.60194,1.35896,0.732464,0,1,0.400597,0.201094,-0.473492,0.0374214,0.969866,0,1,0.474617,0.329132,-1.27159,0.101679,0.958187,0,1,0.996094,0.0625,249.023,-15.813,0.0368745,0,1,0.515043,0.217231,-1.49729,0.0365485,0.674348,256,Perceptual,0.454545,"(0.64,0.33)","(0.3,0.6)","(0.15,0.06)","(0.3127,0.329)",grey74,white,"srgb(223,223,223)",none,None,Undefined,Over,16x16+0+0,Undefined,0,Zip,Undefined,2019-08-23T00:31:38+00:00,2019-08-23T00:31:38+00:00,8,8,6,6 (RGBA),0 (Not interlaced),"16, 16","x_res=1, y_res=1, units=0",intent=0 (Perceptual Intent),aae891455aa30a40a980ea0547bbb283d1e8136fc5a20ee877d779c2a630f956,true,False,950B,256,239699P,0.000u,0:01.001,ImageMagick 7.0.8-50 Q16 x86_64 2019-06-25 https://imagemagick.org
/Volumes/vs06-092017-062018/2017-11-november/11-22-2017/png/thestrandsoflifeOnlyNoticedWithinTheComa/thestrandsoflifeOnlyNoticedWithinTheComa.png,PNG (Portable Network Graphics),image/png,DirectClass,16x16+0+0,1x1,16x16,Undefined,sRGB,PaletteAlpha,Undefined,Undefined,8-bit,8-bit,8-bit,8-bit,1-bit,256,0,0.988235,0.145267,0.237604,2.26184,1.78948,0.697668,0,1,0.573177,0.332216,-1.37058,-0.220236,0.955133,0,0.996078,0.354672,0.359494,-1.15886,0.597634,0.889406,0,1,0.996094,0.0625,249.023,-15.813,0.0368745,0,1,0.517302,0.247954,-1.72109,-0.0260758,0.64477,255,Perceptual,0.454545,"(0.64,0.33)","(0.3,0.6)","(0.15,0.06)","(0.3127,0.329)",grey74,white,"srgb(223,223,223)",none,None,Undefined,Over,16x16+0+0,Undefined,0,Zip,Undefined,2019-08-23T00:31:53+00:00,2019-08-23T00:31:53+00:00,8,8,6,6 (RGBA),0 (Not interlaced),"16, 16","x_res=1, y_res=1, units=0",intent=0 (Perceptual Intent),b76e7d6bc3593168b5740051998592f9152775934adc260a8cf62142291b3106,true,False,929B,256,270216P,0.000u,0:01.000,ImageMagick 7.0.8-50 Q16 x86_64 2019-06-25 https://imagemagick.org
/Volumes/vs06-092017-062018/2017-11-november/11-27-2017/png/binarualBatScanner/binarualBatScanner.png,PNG (Portable Network Graphics),image/png,DirectClass,16x16+0+0,1x1,16x16,Undefined,sRGB,PaletteAlpha,Undefined,Undefined,8-bit,8-bit,8-bit,8-bit,1-bit,256,0,0.996078,0.427451,0.33762,-1.29244,0.253838,0.928856,0,1,0.712423,0.309693,-0.39501,-0.919739,0.902574,0,0.996078,0.418811,0.314075,-1.14322,0.301717,0.958867,0,1,0.996094,0.0625,249.023,-15.813,0.0368745,0,1,0.638695,0.255972,-1.29003,-0.494481,0.706793,256,Perceptual,0.454545,"(0.64,0.33)","(0.3,0.6)","(0.15,0.06)","(0.3127,0.329)",grey74,white,"srgb(223,223,223)",none,None,Undefined,Over,16x16+0+0,Undefined,0,Zip,Undefined,2019-08-23T00:32:12+00:00,2019-08-23T00:32:12+00:00,8,8,6,6 (RGBA),0 (Not interlaced),"16, 16","x_res=1, y_res=1, units=0",intent=0 (Perceptual Intent),7b22601505a93b65a3a90cb768395ed57cd0c993d9f0c0812c087b6af60168b8,true,False,978B,256,265554P,0.000u,0:01.000,ImageMagick 7.0.8-50 Q16 x86_64 2019-06-25 https://imagemagick.org
/Volumes/vs06-092017-062018/2017-11-november/11-27-2017/png/dunkedheadWaterTopography/dunkedheadWaterTopography.png,PNG (Portable Network Graphics),image/png,DirectClass,16x16+0+0,1x1,16x16,Undefined,sRGB,PaletteAlpha,Undefined,Undefined,8-bit,8-bit,8-bit,8-bit,1-bit,256,0,0.988235,0.21996,0.255442,0.998419,1.36132,0.880726,0,1,0.290977,0.243838,0.206462,0.95428,0.959972,0,0.611765,0.208869,0.170627,-0.840413,0.580641,0.948446,0,1,0.996094,0.0625,249.023,-15.813,0.0368745,0,1,0.428975,0.183102,-1.34881,0.518883,0.706505,254,Perceptual,0.454545,"(0.64,0.33)","(0.3,0.6)","(0.15,0.06)","(0.3127,0.329)",grey74,white,"srgb(223,223,223)",none,None,Undefined,Over,16x16+0+0,Undefined,0,Zip,Undefined,2019-08-23T00:32:25+00:00,2019-08-23T00:32:25+00:00,8,8,6,6 (RGBA),0 (Not interlaced),"16, 16","x_res=1, y_res=1, units=0",intent=0 (Perceptual Intent),6401833fe1d250a89ffcf6285b646147d1761940fc44971f839a80e64081cdb8,true,False,958B,256,266351P,0.000u,0:01.000,ImageMagick 7.0.8-50 Q16 x86_64 2019-06-25 https://imagemagick.org
/Volumes/vs06-092017-062018/2017-11-november/11-27-2017/png/invertedinteractionaa/invertedinteractionaa.png,PNG (Portable Network Graphics),image/png,DirectClass,16x16+0+0,1x1,16x16,Undefined,sRGB,PaletteAlpha,Undefined,Undefined,8-bit,8-bit,8-bit,8-bit,1-bit,256,0,1,0.600138,0.339633,-1.34214,-0.285193,0.917409,0,1,0.543214,0.34007,-1.38455,-0.0555455,0.934602,0,1,0.376241,0.283101,-0.813052,0.509523,0.968305,0,1,0.996094,0.0625,249.023,-15.813,0.0368745,0,1,0.628922,0.256326,-1.41064,-0.365275,0.714298,256,Perceptual,0.454545,"(0.64,0.33)","(0.3,0.6)","(0.15,0.06)","(0.3127,0.329)",grey74,white,"srgb(223,223,223)",none,None,Undefined,Over,16x16+0+0,Undefined,0,Zip,Undefined,2019-08-23T00:32:41+00:00,2019-08-23T00:32:41+00:00,8,8,6,6 (RGBA),0 (Not interlaced),"16, 16","x_res=1, y_res=1, units=0",intent=0 (Perceptual Intent),605f9ee6ea8f1dd30f5cfced9a945c35f3f731d192da368511affcdadff9a826,true,False,972B,256,224736P,0.000u,0:01.001,ImageMagick 7.0.8-50 Q16 x86_64 2019-06-25 https://imagemagick.org
/Volumes/vs06-092017-062018/2017-11-november/11-27-2017/png/lushbountyofFluffyWaterFishGills/lushbountyofFluffyWaterFishGills.png,PNG (Portable Network Graphics),image/png,DirectClass,16x16+0+0,1x1,16x16,Undefined,sRGB,PaletteAlpha,Undefined,Undefined,8-bit,8-bit,8-bit,8-bit,1-bit,256,0,0.992157,0.415702,0.332025,-1.39149,0.158527,0.924785,0,1,0.524433,0.242421,-0.442133,-0.166094,0.966758,0,0.756863,0.354565,0.204815,-1.11126,-0.308328,0.964356,0,1,0.996094,0.0625,249.023,-15.813,0.0368745,0,1,0.572698,0.21044,-1.24317,-0.150607,0.723194,256,Perceptual,0.454545,"(0.64,0.33)","(0.3,0.6)","(0.15,0.06)","(0.3127,0.329)",grey74,white,"srgb(223,223,223)",none,None,Undefined,Over,16x16+0+0,Undefined,0,Zip,Undefined,2019-08-23T00:33:13+00:00,2019-08-23T00:33:13+00:00,8,8,6,6 (RGBA),0 (Not interlaced),"16, 16","x_res=1, y_res=1, units=0",intent=0 (Perceptual Intent),af7d69bac453fa82ce16919b8754d3169094910932f5f44e8d0fedfcd6b679d4,true,False,1006B,256,238824P,0.000u,0:01.001,ImageMagick 7.0.8-50 Q16 x86_64 2019-06-25 https://imagemagick.org
/Volumes/vs06-092017-062018/2017-11-november/11-27-2017/png/roveringplanespottersOvercastFireClouds/roveringplanespottersOvercastFireClouds.png,PNG (Portable Network Graphics),image/png,DirectClass,16x16+0+0,1x1,16x16,Undefined,sRGB,PaletteAlpha,Undefined,Undefined,8-bit,8-bit,8-bit,8-bit,1-bit,256,0,0.996078,0.633318,0.306844,-1.0917,-0.394378,0.908565,0,1,0.543719,0.310082,-1.17949,-0.173885,0.961242,0,0.992157,0.365564,0.234796,-0.662684,0.256812,0.964364,0,1,0.996094,0.0625,249.023,-15.813,0.0368745,0,1,0.634674,0.228556,-1.27083,-0.3638,0.717761,256,Perceptual,0.454545,"(0.64,0.33)","(0.3,0.6)","(0.15,0.06)","(0.3127,0.329)",grey74,white,"srgb(223,223,223)",none,None,Undefined,Over,16x16+0+0,Undefined,0,Zip,Undefined,2019-08-23T00:33:31+00:00,2019-08-23T00:33:31+00:00,8,8,6,6 (RGBA),0 (Not interlaced),"16, 16","x_res=1, y_res=1, units=0",intent=0 (Perceptual Intent),dc4040dea7722c1fdfa7ed381c532c1a23a55c12e8266e2494cf3691b67c8b36,true,False,998B,256,238469P,0.000u,0:01.001,ImageMagick 7.0.8-50 Q16 x86_64 2019-06-25 https://imagemagick.org
/Volumes/vs06-092017-062018/2017-11-november/11-27-2017/png/thevalleyofgearsUnderneathTheWalkingEscalator/thevalleyofgearsUnderneathTheWalkingEscalator.png,PNG (Portable Network Graphics),image/png,DirectClass,16x16+0+0,1x1,16x16,Undefined,sRGB,PaletteAlpha,Undefined,Undefined,8-bit,8-bit,8-bit,8-bit,1-bit,256,0,1,0.440119,0.312118,-1.04228,0.381302,0.96482,0,1,0.477972,0.309818,-1.11647,0.325285,0.95889,0,1,0.322488,0.296502,-0.251053,0.906043,0.942003,0,1,0.996094,0.0625,249.023,-15.813,0.0368745,0,1,0.559168,0.245235,-1.57077,-0.0295774,0.725647,256,Perceptual,0.454545,"(0.64,0.33)","(0.3,0.6)","(0.15,0.06)","(0.3127,0.329)",grey74,white,"srgb(223,223,223)",none,None,Undefined,Over,16x16+0+0,Undefined,0,Zip,Undefined,2019-08-23T00:33:43+00:00,2019-08-23T00:33:43+00:00,8,8,6,6 (RGBA),0 (Not interlaced),"16, 16","x_res=1, y_res=1, units=0",intent=0 (Perceptual Intent),66edbfd02763f46edceaedaa4ba70ccaaedd409441453b621dd452b6f503b1d7,true,False,1002B,256,255280P,0.000u,0:01.001,ImageMagick 7.0.8-50 Q16 x86_64 2019-06-25 https://imagemagick.org
