/Volumes/vs06-092017-062018/2017-12-december/12-07-2016/png/asthmaticClink/asthmaticClink.png,PNG (Portable Network Graphics),image/png,DirectClass,16x16+0+0,1x1,16x16,Undefined,sRGB,PaletteAlpha,Undefined,Undefined,8-bit,8-bit,8-bit,8-bit,1-bit,256,0,0.996078,0.419868,0.362933,-1.44198,0.235512,0.877316,0,1,0.476425,0.320721,-1.17615,0.179367,0.95155,0,1,0.671967,0.336963,-1.15302,-0.567577,0.865259,0,1,0.996094,0.0625,249.023,-15.813,0.0368745,0,1,0.641088,0.270779,-1.31027,-0.494366,0.68275,256,Perceptual,0.454545,"(0.64,0.33)","(0.3,0.6)","(0.15,0.06)","(0.3127,0.329)",grey74,white,"srgb(223,223,223)",none,None,Undefined,Over,16x16+0+0,Undefined,0,Zip,Undefined,2019-08-23T00:57:07+00:00,2019-08-23T00:57:07+00:00,8,8,6,6 (RGBA),0 (Not interlaced),"16, 16","x_res=1, y_res=1, units=0",intent=0 (Perceptual Intent),87a8d0be0526cc16c78142d6ed48459fe86883106a591e896b6b502eadc8fe69,true,False,958B,256,284653P,0.000u,0:01.000,ImageMagick 7.0.8-50 Q16 x86_64 2019-06-25 https://imagemagick.org
/Volumes/vs06-092017-062018/2017-12-december/12-07-2016/png/earAquarium/earAquarium.png,PNG (Portable Network Graphics),image/png,DirectClass,16x16+0+0,1x1,16x16,Undefined,sRGB,PaletteAlpha,Undefined,Undefined,8-bit,8-bit,8-bit,8-bit,1-bit,256,0,0.996078,0.343076,0.253727,-0.469459,0.535095,0.961594,0,1,0.307858,0.209465,-0.382874,0.514786,0.96089,0,0.945098,0.391008,0.225485,-0.667297,0.281771,0.974114,0,1,0.996094,0.0625,249.023,-15.813,0.0368745,0,1,0.509509,0.187794,-1.33837,0.255749,0.733368,256,Perceptual,0.454545,"(0.64,0.33)","(0.3,0.6)","(0.15,0.06)","(0.3127,0.329)",grey74,white,"srgb(223,223,223)",none,None,Undefined,Over,16x16+0+0,Undefined,0,Zip,Undefined,2019-08-23T00:57:19+00:00,2019-08-23T00:57:19+00:00,8,8,6,6 (RGBA),0 (Not interlaced),"16, 16","x_res=1, y_res=1, units=0",intent=0 (Perceptual Intent),5777ec35cd2ada9d9495edd35ae9a8434743d7a554dc77fb60f1a1417cdec3c5,true,False,1004B,256,123013P,0.000u,0:01.002,ImageMagick 7.0.8-50 Q16 x86_64 2019-06-25 https://imagemagick.org
/Volumes/vs06-092017-062018/2017-12-december/12-07-2016/png/mainliningBane/mainliningBane.png,PNG (Portable Network Graphics),image/png,DirectClass,16x16+0+0,1x1,16x16,Undefined,sRGB,PaletteAlpha,Undefined,Undefined,8-bit,8-bit,8-bit,8-bit,1-bit,256,0,1,0.566942,0.34104,-1.30287,-0.246208,0.921751,0,1,0.293244,0.286874,-0.151819,0.934672,0.923335,0,1,0.734038,0.300943,-0.123041,-1.05141,0.89065,0,1,0.996094,0.0625,249.023,-15.813,0.0368745,0,1,0.64758,0.247839,-1.30189,-0.534062,0.693153,255,Perceptual,0.454545,"(0.64,0.33)","(0.3,0.6)","(0.15,0.06)","(0.3127,0.329)",grey74,white,"srgb(223,223,223)",none,None,Undefined,Over,16x16+0+0,Undefined,0,Zip,Undefined,2019-08-23T00:57:32+00:00,2019-08-23T00:57:32+00:00,8,8,6,6 (RGBA),0 (Not interlaced),"16, 16","x_res=1, y_res=1, units=0",intent=0 (Perceptual Intent),3bde3245ee0cc788239ef540a8fdca0275a0948b28cd7fd9f942507cce6256d5,true,False,943B,256,180307P,0.000u,0:01.001,ImageMagick 7.0.8-50 Q16 x86_64 2019-06-25 https://imagemagick.org
/Volumes/vs06-092017-062018/2017-12-december/12-07-2016/png/militarymedRespirationPharmaDistribution/militarymedRespirationPharmaDistribution.png,PNG (Portable Network Graphics),image/png,DirectClass,16x16+0+0,1x1,16x16,Undefined,sRGB,PaletteAlpha,Undefined,Undefined,8-bit,8-bit,8-bit,8-bit,1-bit,256,0,0.996078,0.436443,0.280971,-1.10784,0.160094,0.979163,0,1,0.426409,0.28047,-1.09517,0.179687,0.972786,0,0.996078,0.507001,0.304676,-1.22521,0.0351472,0.979212,0,1,0.996094,0.0625,249.023,-15.813,0.0368745,0,1,0.591487,0.232154,-1.38569,-0.195135,0.742009,256,Perceptual,0.454545,"(0.64,0.33)","(0.3,0.6)","(0.15,0.06)","(0.3127,0.329)",grey74,white,"srgb(223,223,223)",none,None,Undefined,Over,16x16+0+0,Undefined,0,Zip,Undefined,2019-08-23T00:57:43+00:00,2019-08-23T00:57:43+00:00,8,8,6,6 (RGBA),0 (Not interlaced),"16, 16","x_res=1, y_res=1, units=0",intent=0 (Perceptual Intent),a17afe0fe4e7a41b66e78cc9030b8404e89d62262aef63c1cda926e9a629380d,true,False,1008B,256,190159P,0.000u,0:01.001,ImageMagick 7.0.8-50 Q16 x86_64 2019-06-25 https://imagemagick.org
/Volumes/vs06-092017-062018/2017-12-december/12-07-2016/png/phlogistonFox/phlogistonFox.png,PNG (Portable Network Graphics),image/png,DirectClass,16x16+0+0,1x1,16x16,Undefined,sRGB,PaletteAlpha,Undefined,Undefined,8-bit,8-bit,8-bit,8-bit,1-bit,256,0,0.996078,0.572044,0.358382,-1.42308,-0.242292,0.89082,0,1,0.394807,0.337536,-1.15379,0.468889,0.924411,0,0.988235,0.17716,0.258636,2.00889,1.73554,0.825002,0,1,0.996094,0.0625,249.023,-15.813,0.0368745,0,1,0.535026,0.254263,-1.70713,-0.0619899,0.669277,256,Perceptual,0.454545,"(0.64,0.33)","(0.3,0.6)","(0.15,0.06)","(0.3127,0.329)",grey74,white,"srgb(223,223,223)",none,None,Undefined,Over,16x16+0+0,Undefined,0,Zip,Undefined,2019-08-23T00:58:10+00:00,2019-08-23T00:58:10+00:00,8,8,6,6 (RGBA),0 (Not interlaced),"16, 16","x_res=1, y_res=1, units=0",intent=0 (Perceptual Intent),f934d73afdbade6368e52122d597b5a9913ad69660aa20473443ee7c7a775111,true,False,941B,256,131519P,0.000u,0:01.001,ImageMagick 7.0.8-50 Q16 x86_64 2019-06-25 https://imagemagick.org
/Volumes/vs06-092017-062018/2017-12-december/12-07-2016/png/regenerativeTranscendentalPainMetanoia/regenerativeTranscendentalPainMetanoia.png,PNG (Portable Network Graphics),image/png,DirectClass,16x16+0+0,1x1,16x16,Undefined,sRGB,PaletteAlpha,Undefined,Undefined,8-bit,8-bit,8-bit,8-bit,1-bit,256,0,0.996078,0.52189,0.336899,-1.41271,-0.111525,0.96688,0,1,0.249188,0.248989,0.762057,1.27954,0.931093,0,0.541176,0.0331036,0.0787709,14.1473,3.57679,0.6299,0,1,0.996094,0.0625,249.023,-15.813,0.0368745,0,1,0.450069,0.18179,-1.67618,0.277254,0.641187,256,Perceptual,0.454545,"(0.64,0.33)","(0.3,0.6)","(0.15,0.06)","(0.3127,0.329)",grey74,white,"srgb(223,223,223)",none,None,Undefined,Over,16x16+0+0,Undefined,0,Zip,Undefined,2019-08-23T00:58:25+00:00,2019-08-23T00:58:25+00:00,8,8,6,6 (RGBA),0 (Not interlaced),"16, 16","x_res=1, y_res=1, units=0",intent=0 (Perceptual Intent),dc8c13d88c622e669ebba55e43b54998ca845efe4d4dca4b50e70487613595b3,true,False,915B,256,197270P,0.000u,0:01.001,ImageMagick 7.0.8-50 Q16 x86_64 2019-06-25 https://imagemagick.org
/Volumes/vs06-092017-062018/2017-12-december/12-07-2016/png/subfrequencyparabolesffthewaxingwhaleHeardThroughLinoleumMuffs/subfrequencyparabolesffthewaxingwhaleHeardThroughLinoleumMuffs.png,PNG (Portable Network Graphics),image/png,DirectClass,16x16+0+0,1x1,16x16,Undefined,sRGB,PaletteAlpha,Undefined,Undefined,8-bit,8-bit,8-bit,8-bit,1-bit,256,0,0.996078,0.428202,0.392443,-1.56694,0.241451,0.807259,0.00392157,1,0.4231,0.267915,-0.705854,0.525405,0.972962,0,1,0.732184,0.289626,-0.687102,-0.766433,0.855108,0,1,0.996094,0.0625,249.023,-15.813,0.0368745,0,1,0.644895,0.253121,-1.30841,-0.484919,0.668051,256,Perceptual,0.454545,"(0.64,0.33)","(0.3,0.6)","(0.15,0.06)","(0.3127,0.329)",grey74,white,"srgb(223,223,223)",none,None,Undefined,Over,16x16+0+0,Undefined,0,Zip,Undefined,2019-08-23T00:58:58+00:00,2019-08-23T00:58:58+00:00,8,8,6,6 (RGBA),0 (Not interlaced),"16, 16","x_res=1, y_res=1, units=0",intent=0 (Perceptual Intent),13602342656f4cf2ac77ce3e08793ea009559c9a5eb6118bba1aa1a7bb732763,true,False,951B,256,178173P,0.000u,0:01.001,ImageMagick 7.0.8-50 Q16 x86_64 2019-06-25 https://imagemagick.org
/Volumes/vs06-092017-062018/2017-12-december/12-07-2016/png/theconsequentialinstinctSeveringOpticsLast/theconsequentialinstinctSeveringOpticsLast.png,PNG (Portable Network Graphics),image/png,DirectClass,16x16+0+0,1x1,16x16,Undefined,sRGB,PaletteAlpha,Undefined,Undefined,8-bit,8-bit,8-bit,8-bit,1-bit,256,0,0.960784,0.1072,0.161844,7.54605,2.54015,0.81218,0,1,0.0560662,0.10581,27.3172,4.26039,0.72093,0,0.996078,0.385263,0.312396,-1.04198,0.55817,0.972079,0,1,0.996094,0.0625,249.023,-15.813,0.0368745,0,1,0.386156,0.160637,-1.44046,0.590772,0.635516,251,Perceptual,0.454545,"(0.64,0.33)","(0.3,0.6)","(0.15,0.06)","(0.3127,0.329)",grey74,white,"srgb(223,223,223)",none,None,Undefined,Over,16x16+0+0,Undefined,0,Zip,Undefined,2019-08-23T00:59:03+00:00,2019-08-23T00:59:03+00:00,8,8,6,6 (RGBA),0 (Not interlaced),"16, 16","x_res=1, y_res=1, units=0",intent=0 (Perceptual Intent),27c7a45b865483d282e9a2588157de28ae4a553d1e028f47b62ba84236a44260,true,False,826B,256,116375P,0.000u,0:01.002,ImageMagick 7.0.8-50 Q16 x86_64 2019-06-25 https://imagemagick.org
/Volumes/vs06-092017-062018/2017-12-december/12-07-2016/png/theobservertouchedbythenotionofTheDurationFromPendingToPassing/theobservertouchedbythenotionofTheDurationFromPendingToPassing.png,PNG (Portable Network Graphics),image/png,DirectClass,16x16+0+0,1x1,16x16,Undefined,sRGB,PaletteAlpha,Undefined,Undefined,8-bit,8-bit,8-bit,8-bit,1-bit,256,0,1,0.588971,0.266823,-0.833299,-0.347137,0.977807,0,1,0.592907,0.269098,-0.811103,-0.427674,0.980539,0,1,0.640211,0.276897,-0.832341,-0.516759,0.97309,0,1,0.996094,0.0625,249.023,-15.813,0.0368745,0,1,0.704546,0.218829,-0.673836,-0.692914,0.742077,254,Perceptual,0.454545,"(0.64,0.33)","(0.3,0.6)","(0.15,0.06)","(0.3127,0.329)",grey74,white,"srgb(223,223,223)",none,None,Undefined,Over,16x16+0+0,Undefined,0,Zip,Undefined,2019-08-23T00:59:19+00:00,2019-08-23T00:59:19+00:00,8,8,6,6 (RGBA),0 (Not interlaced),"16, 16","x_res=1, y_res=1, units=0",intent=0 (Perceptual Intent),c2d2884ab99f37ba2c50a719c30cb2de99478011940475b3a8dece62798475de,true,False,986B,256,227114P,0.000u,0:01.001,ImageMagick 7.0.8-50 Q16 x86_64 2019-06-25 https://imagemagick.org
/Volumes/vs06-092017-062018/2017-12-december/12-10-2017/png/aplombMutability/aplombMutability.png,PNG (Portable Network Graphics),image/png,DirectClass,16x16+0+0,1x1,16x16,Undefined,sRGB,PaletteAlpha,Undefined,Undefined,8-bit,8-bit,8-bit,8-bit,1-bit,256,0,1,0.499249,0.403857,-1.66755,-0.0191804,0.80971,0,1,0.704963,0.299882,-0.554771,-0.781766,0.889441,0,1,0.895864,0.170847,4.82773,-2.14545,0.717506,0,1,0.996094,0.0625,249.023,-15.813,0.0368745,0,1,0.774043,0.234271,0.303331,-1.30935,0.613383,255,Perceptual,0.454545,"(0.64,0.33)","(0.3,0.6)","(0.15,0.06)","(0.3127,0.329)",grey74,white,"srgb(223,223,223)",none,None,Undefined,Over,16x16+0+0,Undefined,0,Zip,Undefined,2019-08-23T00:59:29+00:00,2019-08-23T00:59:29+00:00,8,8,6,6 (RGBA),0 (Not interlaced),"16, 16","x_res=1, y_res=1, units=0",intent=0 (Perceptual Intent),fb85acf54f165671209aa18fe9d88a993c2a0a12941509a1d134b8a9930797e3,true,False,873B,256,118052P,0.000u,0:01.002,ImageMagick 7.0.8-50 Q16 x86_64 2019-06-25 https://imagemagick.org
/Volumes/vs06-092017-062018/2017-12-december/12-10-2017/png/drillinginsideThePassiveVeneer/drillinginsideThePassiveVeneer.png,PNG (Portable Network Graphics),image/png,DirectClass,16x16+0+0,1x1,16x16,Undefined,sRGB,PaletteAlpha,Undefined,Undefined,8-bit,8-bit,8-bit,8-bit,1-bit,256,0,1,0.635126,0.348226,-1.14679,-0.565852,0.908766,0,1,0.610524,0.245741,-0.0133243,-0.44732,0.959103,0,1,0.750276,0.274274,0.513999,-1.15777,0.889596,0,1,0.996094,0.0625,249.023,-15.813,0.0368745,0,1,0.748005,0.232685,0.0143821,-1.04146,0.698585,256,Perceptual,0.454545,"(0.64,0.33)","(0.3,0.6)","(0.15,0.06)","(0.3127,0.329)",grey74,white,"srgb(223,223,223)",none,None,Undefined,Over,16x16+0+0,Undefined,0,Zip,Undefined,2019-08-23T00:59:45+00:00,2019-08-23T00:59:45+00:00,8,8,6,6 (RGBA),0 (Not interlaced),"16, 16","x_res=1, y_res=1, units=0",intent=0 (Perceptual Intent),1a3cd8d3ea7ec6713e35b4389c2ba2e7a68f4091bb89e5cc0fd8a9b4639183c1,true,False,971B,256,303030P,0.000u,0:01.000,ImageMagick 7.0.8-50 Q16 x86_64 2019-06-25 https://imagemagick.org
/Volumes/vs06-092017-062018/2017-12-december/12-10-2017/png/lemonfilledpastryCrustyCruorDrip/lemonfilledpastryCrustyCruorDrip.png,PNG (Portable Network Graphics),image/png,DirectClass,16x16+0+0,1x1,16x16,Undefined,sRGB,PaletteAlpha,Undefined,Undefined,8-bit,8-bit,8-bit,8-bit,1-bit,256,0,1,0.702834,0.367189,-0.843094,-0.868066,0.804858,0,1,0.721768,0.377844,-0.72604,-0.980991,0.756659,0,1,0.482399,0.381548,-1.58055,0.0807157,0.911416,0,1,0.996094,0.0625,249.023,-15.813,0.0368745,0,1,0.725774,0.29727,-0.716459,-0.974889,0.627452,254,Perceptual,0.454545,"(0.64,0.33)","(0.3,0.6)","(0.15,0.06)","(0.3127,0.329)",grey74,white,"srgb(223,223,223)",none,None,Undefined,Over,16x16+0+0,Undefined,0,Zip,Undefined,2019-08-23T01:00:07+00:00,2019-08-23T01:00:07+00:00,8,8,6,6 (RGBA),0 (Not interlaced),"16, 16","x_res=1, y_res=1, units=0",intent=0 (Perceptual Intent),04dca516f008ac5c768a58557f201d94b2d8967ad6d11ab08b19352d0a6a8835,true,False,832B,256,177475P,0.000u,0:01.001,ImageMagick 7.0.8-50 Q16 x86_64 2019-06-25 https://imagemagick.org
/Volumes/vs06-092017-062018/2017-12-december/12-10-2017/png/orangesodiumlampgInterfusedWaterShadows/orangesodiumlampgInterfusedWaterShadows.png,PNG (Portable Network Graphics),image/png,DirectClass,16x16+0+0,1x1,16x16,Undefined,sRGB,PaletteAlpha,Undefined,Undefined,8-bit,8-bit,8-bit,8-bit,1-bit,256,0,1,0.60939,0.378114,-1.40656,-0.413978,0.826011,0,1,0.582629,0.359612,-1.44373,-0.240874,0.91072,0,1,0.429289,0.398003,-1.57634,0.286067,0.832719,0,1,0.996094,0.0625,249.023,-15.813,0.0368745,0,1,0.65435,0.299557,-1.30705,-0.593942,0.651581,256,Perceptual,0.454545,"(0.64,0.33)","(0.3,0.6)","(0.15,0.06)","(0.3127,0.329)",grey74,white,"srgb(223,223,223)",none,None,Undefined,Over,16x16+0+0,Undefined,0,Zip,Undefined,2019-08-23T01:00:45+00:00,2019-08-23T01:00:45+00:00,8,8,6,6 (RGBA),0 (Not interlaced),"16, 16","x_res=1, y_res=1, units=0",intent=0 (Perceptual Intent),5d5df2d70819ab0e9ad77c6e4769e6a57a80348aeec92c9ed9bbcb2b37822efe,true,False,907B,256,119520P,0.000u,0:01.002,ImageMagick 7.0.8-50 Q16 x86_64 2019-06-25 https://imagemagick.org
/Volumes/vs06-092017-062018/2017-12-december/12-10-2017/png/sidemirrorshineAdvertsGonnaRace/sidemirrorshineAdvertsGonnaRace.png,PNG (Portable Network Graphics),image/png,DirectClass,16x16+0+0,1x1,16x16,Undefined,sRGB,PaletteAlpha,Undefined,Undefined,8-bit,8-bit,8-bit,8-bit,1-bit,256,0,0.996078,0.51564,0.285492,-1.29072,-0.223355,0.964152,0,1,0.424494,0.232894,-0.983208,-0.182634,0.969993,0,0.941176,0.469638,0.252955,-1.15412,-0.20022,0.966591,0,1,0.996094,0.0625,249.023,-15.813,0.0368745,0,1,0.601467,0.20846,-1.20422,-0.237894,0.734403,256,Perceptual,0.454545,"(0.64,0.33)","(0.3,0.6)","(0.15,0.06)","(0.3127,0.329)",grey74,white,"srgb(223,223,223)",none,None,Undefined,Over,16x16+0+0,Undefined,0,Zip,Undefined,2019-08-23T01:01:05+00:00,2019-08-23T01:01:05+00:00,8,8,6,6 (RGBA),0 (Not interlaced),"16, 16","x_res=1, y_res=1, units=0",intent=0 (Perceptual Intent),86de2063987693ca0a76f156cbee7875f5da102a86c2c073586043f8dcc7ba5a,true,False,1009B,256,222450P,0.000u,0:01.001,ImageMagick 7.0.8-50 Q16 x86_64 2019-06-25 https://imagemagick.org
/Volumes/vs06-092017-062018/2017-12-december/12-10-2017/png/silveranlaceglissadeLeftFlapFaucetCooled/silveranlaceglissadeLeftFlapFaucetCooled.png,PNG (Portable Network Graphics),image/png,DirectClass,16x16+0+0,1x1,16x16,Undefined,sRGB,PaletteAlpha,Undefined,Undefined,8-bit,8-bit,8-bit,8-bit,1-bit,256,0,1,0.623545,0.316453,-1.31564,-0.306461,0.927355,0.0196078,1,0.694286,0.2153,-0.346101,-0.269923,0.946533,0,1,0.88076,0.175489,3.2033,-1.799,0.789605,0,1,0.996094,0.0625,249.023,-15.813,0.0368745,0,1,0.798671,0.192435,0.349502,-1.17114,0.675092,256,Perceptual,0.454545,"(0.64,0.33)","(0.3,0.6)","(0.15,0.06)","(0.3127,0.329)",grey74,white,"srgb(223,223,223)",none,None,Undefined,Over,16x16+0+0,Undefined,0,Zip,Undefined,2019-08-23T01:01:16+00:00,2019-08-23T01:01:16+00:00,8,8,6,6 (RGBA),0 (Not interlaced),"16, 16","x_res=1, y_res=1, units=0",intent=0 (Perceptual Intent),28cc429c237f8a6386ea2f3da3ce2e0f0d89676b35b18bb203fa9abc0a4d59d3,true,False,942B,256,219109P,0.000u,0:01.001,ImageMagick 7.0.8-50 Q16 x86_64 2019-06-25 https://imagemagick.org
/Volumes/vs06-092017-062018/2017-12-december/12-10-2017/png/streamersPaperConfidence/streamersPaperConfidence.png,PNG (Portable Network Graphics),image/png,DirectClass,16x16+0+0,1x1,16x16,Undefined,sRGB,PaletteAlpha,Undefined,Undefined,8-bit,8-bit,8-bit,8-bit,1-bit,256,0,0.968627,0.353018,0.210682,-0.747587,0.185679,0.967135,0,1,0.309191,0.217546,-0.567239,0.369314,0.95297,0,0.733333,0.170818,0.139277,-0.134478,0.541712,0.923276,0,1,0.996094,0.0625,249.023,-15.813,0.0368745,0,1,0.45728,0.157501,-1.24385,0.461515,0.720064,256,Perceptual,0.454545,"(0.64,0.33)","(0.3,0.6)","(0.15,0.06)","(0.3127,0.329)",grey74,white,"srgb(223,223,223)",none,None,Undefined,Over,16x16+0+0,Undefined,0,Zip,Undefined,2019-08-23T01:01:27+00:00,2019-08-23T01:01:27+00:00,8,8,6,6 (RGBA),0 (Not interlaced),"16, 16","x_res=1, y_res=1, units=0",intent=0 (Perceptual Intent),cd9c1277a1fa931defe934077b18d4e651bf937ee67718bc9057246563e1012b,true,False,961B,256,187436P,0.000u,0:01.001,ImageMagick 7.0.8-50 Q16 x86_64 2019-06-25 https://imagemagick.org
/Volumes/vs06-092017-062018/2017-12-december/12-13-2017/png/angelicConsultation/angelicConsultation.png,PNG (Portable Network Graphics),image/png,DirectClass,16x16+0+0,1x1,16x16,Undefined,sRGB,PaletteAlpha,Undefined,Undefined,8-bit,8-bit,8-bit,8-bit,1-bit,256,0,1,0.607322,0.362683,-1.41765,-0.339686,0.892151,0,1,0.544899,0.381371,-1.59193,-0.0955344,0.888972,0,0.996078,0.286887,0.322108,-0.580435,0.909082,0.889548,0,1,0.996094,0.0625,249.023,-15.813,0.0368745,0,1,0.608801,0.282166,-1.56161,-0.366515,0.676886,256,Perceptual,0.454545,"(0.64,0.33)","(0.3,0.6)","(0.15,0.06)","(0.3127,0.329)",grey74,white,"srgb(223,223,223)",none,None,Undefined,Over,16x16+0+0,Undefined,0,Zip,Undefined,2019-08-23T01:01:48+00:00,2019-08-23T01:01:48+00:00,8,8,6,6 (RGBA),0 (Not interlaced),"16, 16","x_res=1, y_res=1, units=0",intent=0 (Perceptual Intent),16ef625d7bface34c961d32563d0a68dc7cd62c6cf1179b141d20520847fdcef,true,False,927B,256,223549P,0.000u,0:01.001,ImageMagick 7.0.8-50 Q16 x86_64 2019-06-25 https://imagemagick.org
/Volumes/vs06-092017-062018/2017-12-december/12-13-2017/png/burningsecondsbythebarrelIntroducingTheFeedbackLoopOfScreams/burningsecondsbythebarrelIntroducingTheFeedbackLoopOfScreams.png,PNG (Portable Network Graphics),image/png,DirectClass,16x16+0+0,1x1,16x16,Undefined,sRGB,PaletteAlpha,Undefined,Undefined,8-bit,8-bit,8-bit,8-bit,1-bit,256,0,0.980392,0.447089,0.255879,-0.911363,0.134653,0.973875,0,1,0.204274,0.231348,1.20362,1.32449,0.87036,0,0.921569,0.111566,0.197322,4.31997,2.15555,0.683273,0,1,0.996094,0.0625,249.023,-15.813,0.0368745,0,1,0.439756,0.186762,-1.50247,0.345117,0.641096,253,Perceptual,0.454545,"(0.64,0.33)","(0.3,0.6)","(0.15,0.06)","(0.3127,0.329)",grey74,white,"srgb(223,223,223)",none,None,Undefined,Over,16x16+0+0,Undefined,0,Zip,Undefined,2019-08-23T01:02:00+00:00,2019-08-23T01:02:00+00:00,8,8,6,6 (RGBA),0 (Not interlaced),"16, 16","x_res=1, y_res=1, units=0",intent=0 (Perceptual Intent),1276ba2798d190088580af905edc8bffb4691dba28aef93a4273db48db968aac,true,False,933B,256,214383P,0.000u,0:01.001,ImageMagick 7.0.8-50 Q16 x86_64 2019-06-25 https://imagemagick.org
/Volumes/vs06-092017-062018/2017-12-december/12-13-2017/png/climbingthroughemotionbasedTimepieceTunnelworks/climbingthroughemotionbasedTimepieceTunnelworks.png,PNG (Portable Network Graphics),image/png,DirectClass,16x16+0+0,1x1,16x16,Undefined,sRGB,PaletteAlpha,Undefined,Undefined,8-bit,8-bit,8-bit,8-bit,1-bit,256,0,0.996078,0.494455,0.335577,-1.34459,0.151512,0.945142,0,1,0.58868,0.343809,-1.38936,-0.212644,0.913092,0,0.996078,0.417402,0.313053,-1.1882,0.351913,0.969398,0,1,0.996094,0.0625,249.023,-15.813,0.0368745,0,1,0.624157,0.263735,-1.43936,-0.351265,0.716127,256,Perceptual,0.454545,"(0.64,0.33)","(0.3,0.6)","(0.15,0.06)","(0.3127,0.329)",grey74,white,"srgb(223,223,223)",none,None,Undefined,Over,16x16+0+0,Undefined,0,Zip,Undefined,2019-08-23T01:02:17+00:00,2019-08-23T01:02:17+00:00,8,8,6,6 (RGBA),0 (Not interlaced),"16, 16","x_res=1, y_res=1, units=0",intent=0 (Perceptual Intent),8471de6cc762df10a913d11aca83996c865a4f207ce158712a62618f6b60ad87,true,False,986B,256,221684P,0.000u,0:01.001,ImageMagick 7.0.8-50 Q16 x86_64 2019-06-25 https://imagemagick.org
/Volumes/vs06-092017-062018/2017-12-december/12-13-2017/png/consciouslyenduringStaticSleepPneumonia/consciouslyenduringStaticSleepPneumonia.png,PNG (Portable Network Graphics),image/png,DirectClass,16x16+0+0,1x1,16x16,Undefined,sRGB,PaletteAlpha,Undefined,Undefined,8-bit,8-bit,8-bit,8-bit,1-bit,256,0,0.776471,0.290411,0.195573,-0.877137,0.389372,0.966278,0,1,0.579672,0.295223,-1.11746,-0.211226,0.968037,0,0.713725,0.101164,0.157859,2.60971,1.815,0.734203,0,1,0.996094,0.0625,249.023,-15.813,0.0368745,0,1,0.491835,0.177789,-1.56588,0.161883,0.676348,255,Perceptual,0.454545,"(0.64,0.33)","(0.3,0.6)","(0.15,0.06)","(0.3127,0.329)",grey74,white,"srgb(223,223,223)",none,None,Undefined,Over,16x16+0+0,Undefined,0,Zip,Undefined,2019-08-23T01:02:37+00:00,2019-08-23T01:02:37+00:00,8,8,6,6 (RGBA),0 (Not interlaced),"16, 16","x_res=1, y_res=1, units=0",intent=0 (Perceptual Intent),38ea6d1b58dc11f1ef14435f7008252507aee2dadda2bb5e87694b98d65438e3,true,False,962B,256,203313P,0.000u,0:01.001,ImageMagick 7.0.8-50 Q16 x86_64 2019-06-25 https://imagemagick.org
/Volumes/vs06-092017-062018/2017-12-december/12-13-2017/png/poachingpausedpositionsSecondsSuspendedBeforeTheFloor/poachingpausedpositionsSecondsSuspendedBeforeTheFloor.png,PNG (Portable Network Graphics),image/png,DirectClass,16x16+0+0,1x1,16x16,Undefined,sRGB,PaletteAlpha,Undefined,Undefined,8-bit,8-bit,8-bit,8-bit,1-bit,256,0,1,0.532521,0.320984,-1.3176,-0.057942,0.961761,0,1,0.507031,0.314932,-1.25626,0.0390918,0.955563,0,0.996078,0.517953,0.350399,-1.43408,-0.0514372,0.929991,0,1,0.996094,0.0625,249.023,-15.813,0.0368745,0,1,0.6384,0.262204,-1.29821,-0.441146,0.721047,256,Perceptual,0.454545,"(0.64,0.33)","(0.3,0.6)","(0.15,0.06)","(0.3127,0.329)",grey74,white,"srgb(223,223,223)",none,None,Undefined,Over,16x16+0+0,Undefined,0,Zip,Undefined,2019-08-23T01:03:13+00:00,2019-08-23T01:03:13+00:00,8,8,6,6 (RGBA),0 (Not interlaced),"16, 16","x_res=1, y_res=1, units=0",intent=0 (Perceptual Intent),00f6ff065c7978f79bbf78705a4d6fcc052a281a1eb492c19657100bc1bb4060,true,False,998B,256,128477P,0.000u,0:01.001,ImageMagick 7.0.8-50 Q16 x86_64 2019-06-25 https://imagemagick.org
/Volumes/vs06-092017-062018/2017-12-december/12-13-2017/png/revenanttracesInterposedPortiere/revenanttracesInterposedPortiere.png,PNG (Portable Network Graphics),image/png,DirectClass,16x16+0+0,1x1,16x16,Undefined,sRGB,PaletteAlpha,Undefined,Undefined,8-bit,8-bit,8-bit,8-bit,1-bit,256,0,0.996078,0.567433,0.299746,-1.17782,-0.134796,0.960223,0,1,0.350996,0.267877,-0.61442,0.61259,0.966188,0,0.996078,0.438434,0.277719,-0.900362,0.323211,0.974776,0,1,0.996094,0.0625,249.023,-15.813,0.0368745,0,1,0.588239,0.22696,-1.45345,-0.140339,0.734515,256,Perceptual,0.454545,"(0.64,0.33)","(0.3,0.6)","(0.15,0.06)","(0.3127,0.329)",grey74,white,"srgb(223,223,223)",none,None,Undefined,Over,16x16+0+0,Undefined,0,Zip,Undefined,2019-08-23T01:03:25+00:00,2019-08-23T01:03:25+00:00,8,8,6,6 (RGBA),0 (Not interlaced),"16, 16","x_res=1, y_res=1, units=0",intent=0 (Perceptual Intent),828c598825e2dfbec3c6d0346a5f364d4a08654e20f434f86c59ec3ccb363156,true,False,1026B,256,106853P,0.000u,0:01.002,ImageMagick 7.0.8-50 Q16 x86_64 2019-06-25 https://imagemagick.org
/Volumes/vs06-092017-062018/2017-12-december/12-15-2016/png/androidminnowstepairingTheFloatingGelatinousFabricPhrase/androidminnowstepairingTheFloatingGelatinousFabricPhrase.png,PNG (Portable Network Graphics),image/png,DirectClass,16x16+0+0,1x1,16x16,Undefined,sRGB,PaletteAlpha,Undefined,Undefined,8-bit,8-bit,8-bit,8-bit,1-bit,256,0,0.517647,0.243964,0.183779,-1.58853,0.0122778,0.953842,0,1,0.0159007,0.065376,197.695,13.412,0.63653,0,0.2,0.0300858,0.0408299,3.10954,1.84231,0.773682,0,1,0.996094,0.0625,249.023,-15.813,0.0368745,0,1,0.321511,0.0881212,-1.0129,0.877709,0.600232,250,Perceptual,0.454545,"(0.64,0.33)","(0.3,0.6)","(0.15,0.06)","(0.3127,0.329)",grey74,white,"srgb(223,223,223)",none,None,Undefined,Over,16x16+0+0,Undefined,0,Zip,Undefined,2019-08-23T01:03:36+00:00,2019-08-23T01:03:36+00:00,8,8,6,6 (RGBA),0 (Not interlaced),"16, 16","x_res=1, y_res=1, units=0",intent=0 (Perceptual Intent),136058dc4437a6a06c054438b18ab60103a697a8e3acec6c8a0ac5304a93bb45,true,False,748B,256,213547P,0.000u,0:01.001,ImageMagick 7.0.8-50 Q16 x86_64 2019-06-25 https://imagemagick.org
/Volumes/vs06-092017-062018/2017-12-december/12-15-2016/png/aspiratingsmaltiteRendingThePalateRoof/aspiratingsmaltiteRendingThePalateRoof.png,PNG (Portable Network Graphics),image/png,DirectClass,16x16+0+0,1x1,16x16,Undefined,sRGB,PaletteAlpha,Undefined,Undefined,8-bit,8-bit,8-bit,8-bit,1-bit,256,0,0.996078,0.309804,0.297569,-0.729984,0.749812,0.930232,0,1,0.36898,0.251543,-0.814985,0.312314,0.964033,0,1,0.444424,0.289209,-1.06064,0.0771993,0.960608,0,1,0.996094,0.0625,249.023,-15.813,0.0368745,0,1,0.529825,0.225205,-1.47963,0.0209587,0.722937,255,Perceptual,0.454545,"(0.64,0.33)","(0.3,0.6)","(0.15,0.06)","(0.3127,0.329)",grey74,white,"srgb(223,223,223)",none,None,Undefined,Over,16x16+0+0,Undefined,0,Zip,Undefined,2019-08-23T01:05:13+00:00,2019-08-23T01:05:13+00:00,8,8,6,6 (RGBA),0 (Not interlaced),"16, 16","x_res=1, y_res=1, units=0",intent=0 (Perceptual Intent),9d63b7ad28f16a73939e6b02d2f19855c05e07438e053ae69c87b4f7a9b2570e,true,False,999B,256,246540P,0.000u,0:01.001,ImageMagick 7.0.8-50 Q16 x86_64 2019-06-25 https://imagemagick.org
/Volumes/vs06-092017-062018/2017-12-december/12-15-2016/png/feathersActLikeZippers/feathersActLikeZippers.png,PNG (Portable Network Graphics),image/png,DirectClass,16x16+0+0,1x1,16x16,Undefined,sRGB,PaletteAlpha,Undefined,Undefined,8-bit,8-bit,8-bit,8-bit,1-bit,256,0,1,0.618627,0.348234,-1.18203,-0.517566,0.913762,0,1,0.48223,0.277819,-1.16109,-0.108968,0.972376,0,1,0.374112,0.352795,-1.29668,0.462069,0.921685,0,1,0.996094,0.0625,249.023,-15.813,0.0368745,0,1,0.617766,0.260337,-1.34436,-0.433738,0.711174,256,Perceptual,0.454545,"(0.64,0.33)","(0.3,0.6)","(0.15,0.06)","(0.3127,0.329)",grey74,white,"srgb(223,223,223)",none,None,Undefined,Over,16x16+0+0,Undefined,0,Zip,Undefined,2019-08-23T01:06:38+00:00,2019-08-23T01:06:38+00:00,8,8,6,6 (RGBA),0 (Not interlaced),"16, 16","x_res=1, y_res=1, units=0",intent=0 (Perceptual Intent),5dc36a3782f53d40d40947003ecc698db36a257f8da48f2f522ea025d1c6a2d4,true,False,998B,256,263665P,0.000u,0:01.000,ImageMagick 7.0.8-50 Q16 x86_64 2019-06-25 https://imagemagick.org
/Volumes/vs06-092017-062018/2017-12-december/12-15-2016/png/therushlightoutwiththepantryAirbrushingPassiveDreams/therushlightoutwiththepantryAirbrushingPassiveDreams.png,PNG (Portable Network Graphics),image/png,DirectClass,16x16+0+0,1x1,16x16,Undefined,sRGB,PaletteAlpha,Undefined,Undefined,8-bit,8-bit,8-bit,8-bit,1-bit,256,0,0.533333,0.159222,0.128104,-0.224189,0.68012,0.939516,0,1,0.120818,0.11318,12.4473,2.10869,0.913797,0,0.521569,0.123652,0.130617,0.191618,1.00358,0.857209,0,1,0.996094,0.0625,249.023,-15.813,0.0368745,0,1,0.349946,0.1086,-0.883298,0.927531,0.686849,253,Perceptual,0.454545,"(0.64,0.33)","(0.3,0.6)","(0.15,0.06)","(0.3127,0.329)",grey74,white,"srgb(223,223,223)",none,None,Undefined,Over,16x16+0+0,Undefined,0,Zip,Undefined,2019-08-23T01:06:47+00:00,2019-08-23T01:06:47+00:00,8,8,6,6 (RGBA),0 (Not interlaced),"16, 16","x_res=1, y_res=1, units=0",intent=0 (Perceptual Intent),c196b046444a2b675a3f81f6eb9fbe2d315ce3ee462caf96e269682d4abdacf2,true,False,856B,256,210612P,0.000u,0:01.001,ImageMagick 7.0.8-50 Q16 x86_64 2019-06-25 https://imagemagick.org
/Volumes/vs06-092017-062018/2017-12-december/12-31-2017/png/12-31-2017-01/12-31-2017-01.png,PNG (Portable Network Graphics),image/png,DirectClass,16x16+0+0,1x1,16x16,Undefined,sRGB,PaletteAlpha,Undefined,Undefined,8-bit,8-bit,8-bit,8-bit,1-bit,256,0,0.996078,0.698575,0.340901,-0.50743,-0.99258,0.884689,0,1,0.398744,0.388244,-1.51863,0.353526,0.800623,0,0.996078,0.544761,0.388236,-1.54044,-0.370196,0.869376,0,1,0.996094,0.0625,249.023,-15.813,0.0368745,0,1,0.659544,0.29497,-1.14962,-0.73095,0.647891,251,Perceptual,0.454545,"(0.64,0.33)","(0.3,0.6)","(0.15,0.06)","(0.3127,0.329)",grey74,white,"srgb(223,223,223)",none,None,Undefined,Over,16x16+0+0,Undefined,0,Zip,Undefined,2019-08-23T01:07:39+00:00,2019-08-23T01:07:39+00:00,8,8,6,6 (RGBA),0 (Not interlaced),"16, 16","x_res=1, y_res=1, units=0",intent=0 (Perceptual Intent),2748abce28e147d211e1cf7949f1dac588cd1fdf2864e12ba684a796c1d11034,true,False,885B,256,136587P,0.000u,0:01.001,ImageMagick 7.0.8-50 Q16 x86_64 2019-06-25 https://imagemagick.org
/Volumes/vs06-092017-062018/2017-12-december/12-31-2017/png/12-31-2017-02/12-31-2017-02.png,PNG (Portable Network Graphics),image/png,DirectClass,16x16+0+0,1x1,16x16,Undefined,sRGB,PaletteAlpha,Undefined,Undefined,8-bit,8-bit,8-bit,8-bit,1-bit,256,0,1,0.542417,0.339717,-1.38514,-0.0649673,0.913779,0,1,0.80455,0.261333,1.82656,-1.64453,0.776631,0,1,0.678631,0.305275,-0.947161,-0.616544,0.915546,0,1,0.996094,0.0625,249.023,-15.813,0.0368745,0,1,0.755423,0.242206,-0.232769,-1.07177,0.660708,254,Perceptual,0.454545,"(0.64,0.33)","(0.3,0.6)","(0.15,0.06)","(0.3127,0.329)",grey74,white,"srgb(223,223,223)",none,None,Undefined,Over,16x16+0+0,Undefined,0,Zip,Undefined,2019-08-23T01:08:24+00:00,2019-08-23T01:08:24+00:00,8,8,6,6 (RGBA),0 (Not interlaced),"16, 16","x_res=1, y_res=1, units=0",intent=0 (Perceptual Intent),be1db114c73f474365cce6a4db957f306dddbde65839e04b918c40e4a9d46172,true,False,912B,256,151825P,0.000u,0:01.001,ImageMagick 7.0.8-50 Q16 x86_64 2019-06-25 https://imagemagick.org
/Volumes/vs06-092017-062018/2017-12-december/12-31-2017/png/12-31-2017-03/12-31-2017-03.png,PNG (Portable Network Graphics),image/png,DirectClass,16x16+0+0,1x1,16x16,Undefined,sRGB,PaletteAlpha,Undefined,Undefined,8-bit,8-bit,8-bit,8-bit,1-bit,256,0,1,0.531771,0.381235,-1.55248,-0.117274,0.858046,0,1,0.505836,0.364776,-1.45573,0.00878598,0.909348,0,1,0.502773,0.437227,-1.79869,0.0100531,0.739252,0,1,0.996094,0.0625,249.023,-15.813,0.0368745,0,1,0.634118,0.311435,-1.42679,-0.512027,0.63588,250,Perceptual,0.454545,"(0.64,0.33)","(0.3,0.6)","(0.15,0.06)","(0.3127,0.329)",grey74,white,"srgb(223,223,223)",none,None,Undefined,Over,16x16+0+0,Undefined,0,Zip,Undefined,2019-08-23T01:09:50+00:00,2019-08-23T01:09:50+00:00,8,8,6,6 (RGBA),0 (Not interlaced),"16, 16","x_res=1, y_res=1, units=0",intent=0 (Perceptual Intent),bd5994eef78e88c46039c5e46ce47166b9d4a874deb8495ebc66902c05309591,true,False,880B,256,242196P,0.000u,0:01.001,ImageMagick 7.0.8-50 Q16 x86_64 2019-06-25 https://imagemagick.org
/Volumes/vs06-092017-062018/2017-12-december/12-31-2017/png/12-31-2017-04/12-31-2017-04.png,PNG (Portable Network Graphics),image/png,DirectClass,16x16+0+0,1x1,16x16,Undefined,sRGB,PaletteAlpha,Undefined,Undefined,8-bit,8-bit,8-bit,8-bit,1-bit,256,0,0.996078,0.484329,0.357023,-1.43284,-0.0207644,0.878211,0,1,0.47402,0.374949,-1.5324,0.101787,0.915502,0,1,0.541529,0.401711,-1.65098,-0.145935,0.851904,0,1,0.996094,0.0625,249.023,-15.813,0.0368745,0,1,0.623993,0.299046,-1.41805,-0.474425,0.670623,254,Perceptual,0.454545,"(0.64,0.33)","(0.3,0.6)","(0.15,0.06)","(0.3127,0.329)",grey74,white,"srgb(223,223,223)",none,None,Undefined,Over,16x16+0+0,Undefined,0,Zip,Undefined,2019-08-23T01:11:39+00:00,2019-08-23T01:11:39+00:00,8,8,6,6 (RGBA),0 (Not interlaced),"16, 16","x_res=1, y_res=1, units=0",intent=0 (Perceptual Intent),4f9e31294f50e5ec85a0b16d7420cd960eb53f8cac934e5bc53395eb6bba16a6,true,False,934B,256,234470P,0.000u,0:01.001,ImageMagick 7.0.8-50 Q16 x86_64 2019-06-25 https://imagemagick.org
/Volumes/vs06-092017-062018/2017-12-december/12-31-2017/png/12-31-2017-05/12-31-2017-05.png,PNG (Portable Network Graphics),image/png,DirectClass,16x16+0+0,1x1,16x16,Undefined,sRGB,PaletteAlpha,Undefined,Undefined,8-bit,8-bit,8-bit,8-bit,1-bit,256,0,0.996078,0.461535,0.343888,-1.39867,0.159016,0.926352,0,1,0.469118,0.345625,-1.3967,0.181568,0.945744,0,1,0.453508,0.378616,-1.50647,0.24851,0.890833,0,1,0.996094,0.0625,249.023,-15.813,0.0368745,0,1,0.595064,0.282657,-1.54398,-0.290333,0.699951,253,Perceptual,0.454545,"(0.64,0.33)","(0.3,0.6)","(0.15,0.06)","(0.3127,0.329)",grey74,white,"srgb(223,223,223)",none,None,Undefined,Over,16x16+0+0,Undefined,0,Zip,Undefined,2019-08-23T01:12:53+00:00,2019-08-23T01:12:53+00:00,8,8,6,6 (RGBA),0 (Not interlaced),"16, 16","x_res=1, y_res=1, units=0",intent=0 (Perceptual Intent),16446665911415442b890683a2010681e95f4923752217a14cd375a3d86acc1b,true,False,948B,256,121268P,0.000u,0:01.002,ImageMagick 7.0.8-50 Q16 x86_64 2019-06-25 https://imagemagick.org
/Volumes/vs06-092017-062018/2017-12-december/12-31-2017/png/12-31-2017-06/12-31-2017-06.png,PNG (Portable Network Graphics),image/png,DirectClass,16x16+0+0,1x1,16x16,Undefined,sRGB,PaletteAlpha,Undefined,Undefined,8-bit,8-bit,8-bit,8-bit,1-bit,256,0,0.996078,0.668091,0.321604,-1.21711,-0.586321,0.916962,0,1,0.68776,0.319857,-1.18398,-0.617515,0.89924,0,0.992157,0.495849,0.269344,-1.23582,0.0139484,0.971417,0,1,0.996094,0.0625,249.023,-15.813,0.0368745,0,1,0.711949,0.243326,-1.00691,-0.720164,0.706124,256,Perceptual,0.454545,"(0.64,0.33)","(0.3,0.6)","(0.15,0.06)","(0.3127,0.329)",grey74,white,"srgb(223,223,223)",none,None,Undefined,Over,16x16+0+0,Undefined,0,Zip,Undefined,2019-08-23T01:13:34+00:00,2019-08-23T01:13:34+00:00,8,8,6,6 (RGBA),0 (Not interlaced),"16, 16","x_res=1, y_res=1, units=0",intent=0 (Perceptual Intent),afc491adb0d769fbcd927a10224420fe00f0f0f21463069f7faff46102a0fdc3,true,False,910B,256,225118P,0.000u,0:01.001,ImageMagick 7.0.8-50 Q16 x86_64 2019-06-25 https://imagemagick.org
