checkingBloodPressure,07,02,2016,Jul,Saturday,2016 ,02,.mp4,/Volumes/vs04-062016-102016/2016-07-july/07-02-2016/edits,21:11:46,UTC,57.824433,130346560,18033423,"mov,mp4,m4a,3gp,3g2,mj2",QuickTime / MOV
checkingBloodPressure_1,07,02,2016,Jul,Saturday,2016 ,02,.mp4,/Volumes/vs04-062016-102016/2016-07-july/07-02-2016/edits,21:30:37,UTC,57.824433,130346560,18033423,"mov,mp4,m4a,3gp,3g2,mj2",QuickTime / MOV
communicationStar,07,02,2016,Jul,Saturday,2016 ,02,.mp4,/Volumes/vs04-062016-102016/2016-07-july/07-02-2016/edits,21:08:34,UTC,61.428033,127693656,16630017,"mov,mp4,m4a,3gp,3g2,mj2",QuickTime / MOV
dimplanesixCathedral,07,02,2016,Jul,Saturday,2016 ,02,.mp4,/Volumes/vs04-062016-102016/2016-07-july/07-02-2016/edits,21:04:01,UTC,21.955267,44871502,16350154,"mov,mp4,m4a,3gp,3g2,mj2",QuickTime / MOV
drillingGumline,07,02,2016,Jul,Saturday,2016 ,02,.mp4,/Volumes/vs04-062016-102016/2016-07-july/07-02-2016/edits,20:58:26,UTC,31.064367,64325870,16565827,"mov,mp4,m4a,3gp,3g2,mj2",QuickTime / MOV
dualDinoRunners,07,02,2016,Jul,Saturday,2016 ,02,.mp4,/Volumes/vs04-062016-102016/2016-07-july/07-02-2016/edits,21:03:25,UTC,14.014,28810957,16446957,"mov,mp4,m4a,3gp,3g2,mj2",QuickTime / MOV
fourtysevenSpills,07,02,2016,Jul,Saturday,2016 ,02,.mp4,/Volumes/vs04-062016-102016/2016-07-july/07-02-2016/edits,21:03:00,UTC,47.914533,100495702,16779160,"mov,mp4,m4a,3gp,3g2,mj2",QuickTime / MOV
itwakesyouupToShowsTheTruePath,07,02,2016,Jul,Saturday,2016 ,02,.mp4,/Volumes/vs04-062016-102016/2016-07-july/07-02-2016/edits,21:09:08,UTC,20.1201,41827213,16631015,"mov,mp4,m4a,3gp,3g2,mj2",QuickTime / MOV
lookingthroughthefenceThatCirclesTheYardOfDreams,07,02,2016,Jul,Saturday,2016 ,02,.mp4,/Volumes/vs04-062016-102016/2016-07-july/07-02-2016/edits,21:00:03,UTC,59.793067,132040467,17666324,"mov,mp4,m4a,3gp,3g2,mj2",QuickTime / MOV
meldingChemistry,07,02,2016,Jul,Saturday,2016 ,02,.mp4,/Volumes/vs04-062016-102016/2016-07-july/07-02-2016/edits,21:01:43,UTC,59.826433,129441461,17308932,"mov,mp4,m4a,3gp,3g2,mj2",QuickTime / MOV
seethroughWormContortions,07,02,2016,Jul,Saturday,2016 ,02,.mp4,/Volumes/vs04-062016-102016/2016-07-july/07-02-2016/edits,21:10:11,UTC,40.1401,85844594,17108994,"mov,mp4,m4a,3gp,3g2,mj2",QuickTime / MOV
thefeedbacktornadoEngulfedTheTown,07,02,2016,Jul,Saturday,2016 ,02,.mp4,/Volumes/vs04-062016-102016/2016-07-july/07-02-2016/edits,20:57:37,UTC,15.081733,31541077,16730744,"mov,mp4,m4a,3gp,3g2,mj2",QuickTime / MOV
thesentencesEatThemselvesSequentially,07,02,2016,Jul,Saturday,2016 ,02,.mp4,/Volumes/vs04-062016-102016/2016-07-july/07-02-2016/edits,21:06:56,UTC,62.7627,131603648,16774759,"mov,mp4,m4a,3gp,3g2,mj2",QuickTime / MOV
thisLife,07,02,2016,Jul,Saturday,2016 ,02,.mp4,/Volumes/vs04-062016-102016/2016-07-july/07-02-2016/edits,21:05:15,UTC,36.703333,92118168,20078431,"mov,mp4,m4a,3gp,3g2,mj2",QuickTime / MOV
watercolorTrigonometry,07,02,2016,Jul,Saturday,2016 ,02,.mp4,/Volumes/vs04-062016-102016/2016-07-july/07-02-2016/edits,20:57:11,UTC,34.601233,71282959,16481021,"mov,mp4,m4a,3gp,3g2,mj2",QuickTime / MOV
betweenSlidingDoorBlades,07,08,2016,Jul,Friday,2016 ,08,.mp4,/Volumes/vs04-062016-102016/2016-07-july/07-08-2016/edits,07:58:43,UTC,39.039,82568973,16920304,"mov,mp4,m4a,3gp,3g2,mj2",QuickTime / MOV
bobbedSpeckles,07,08,2016,Jul,Friday,2016 ,08,.mp4,/Volumes/vs04-062016-102016/2016-07-july/07-08-2016/edits,07:55:56,UTC,40.4404,95381137,18868485,"mov,mp4,m4a,3gp,3g2,mj2",QuickTime / MOV
fingerTrap01,07,08,2016,Jul,Friday,2016 ,08,.mp4,/Volumes/vs04-062016-102016/2016-07-july/07-08-2016/edits,07:59:38,UTC,19.185833,41574804,17335626,"mov,mp4,m4a,3gp,3g2,mj2",QuickTime / MOV
novelLayers,07,08,2016,Jul,Friday,2016 ,08,.mp4,/Volumes/vs04-062016-102016/2016-07-july/07-08-2016/edits,07:57:14,UTC,40.807433,92815495,18195801,"mov,mp4,m4a,3gp,3g2,mj2",QuickTime / MOV
securedMeeting,07,09,2016,Jul,Tuesday,2016 ,12,.mp4,/Volumes/vs04-062016-102016/2016-07-july/07-09-2016/edits,00:23:55,UTC,50.2502,112569345,17921416,"mov,mp4,m4a,3gp,3g2,mj2",QuickTime / MOV
cutawayvortexEnergyStar,07,11,2016,Jul,Monday,2016 ,11,.mp4,/Volumes/vs04-062016-102016/2016-07-july/07-11-2016/edits,23:41:52,UTC,40.073367,83929765,16755220,"mov,mp4,m4a,3gp,3g2,mj2",QuickTime / MOV
festeringAmbition,07,11,2016,Jul,Tuesday,2016 ,12,.mp4,/Volumes/vs04-062016-102016/2016-07-july/07-11-2016/edits,00:18:34,UTC,47.781067,101380606,16974188,"mov,mp4,m4a,3gp,3g2,mj2",QuickTime / MOV
fluidTimeClay,07,11,2016,Jul,Tuesday,2016 ,12,.mp4,/Volumes/vs04-062016-102016/2016-07-july/07-11-2016/edits,00:21:24,UTC,35.2352,72032565,16354682,"mov,mp4,m4a,3gp,3g2,mj2",QuickTime / MOV
focuseddaydreamingandforgetfullnessEnsuresThePathFindsYouOrganically,07,11,2016,Jul,Monday,2016 ,11,.mp4,/Volumes/vs04-062016-102016/2016-07-july/07-11-2016/edits,23:36:16,UTC,50.1501,104886824,16731663,"mov,mp4,m4a,3gp,3g2,mj2",QuickTime / MOV
grimreaperTargetPractice,07,11,2016,Jul,Tuesday,2016 ,12,.mp4,/Volumes/vs04-062016-102016/2016-07-july/07-11-2016/edits,00:14:40,UTC,16.449767,32970477,16034501,"mov,mp4,m4a,3gp,3g2,mj2",QuickTime / MOV
infernocolumnFoldToStairs,07,11,2016,Jul,Monday,2016 ,11,.mp4,/Volumes/vs04-062016-102016/2016-07-july/07-11-2016/edits,23:34:18,UTC,10.377033,23599441,18193594,"mov,mp4,m4a,3gp,3g2,mj2",QuickTime / MOV
lettinggoBreathingForTheFirstTime,07,11,2016,Jul,Tuesday,2016 ,12,.mp4,/Volumes/vs04-062016-102016/2016-07-july/07-11-2016/edits,00:22:15,UTC,24.190833,49586584,16398470,"mov,mp4,m4a,3gp,3g2,mj2",QuickTime / MOV
notchesforthequiltFoundWithTheJewlersEye,07,11,2016,Jul,Tuesday,2016 ,12,.mp4,/Volumes/vs04-062016-102016/2016-07-july/07-11-2016/edits,00:16:04,UTC,50.05,103634539,16564961,"mov,mp4,m4a,3gp,3g2,mj2",QuickTime / MOV
paintstainedCartridge,07,11,2016,Jul,Tuesday,2016 ,12,.mp4,/Volumes/vs04-062016-102016/2016-07-july/07-11-2016/edits,00:17:11,UTC,38.772067,78967787,16293748,"mov,mp4,m4a,3gp,3g2,mj2",QuickTime / MOV
sidewaysblazeScaffoldingPleat,07,11,2016,Jul,Monday,2016 ,11,.mp4,/Volumes/vs04-062016-102016/2016-07-july/07-11-2016/edits,23:34:47,UTC,16.7167,35357727,16920912,"mov,mp4,m4a,3gp,3g2,mj2",QuickTime / MOV
spiritbrandGhostsTalkingThroughThreeMediums,07,11,2016,Jul,Monday,2016 ,11,.mp4,/Volumes/vs04-062016-102016/2016-07-july/07-11-2016/edits,23:40:40,UTC,53.186467,110872011,16676725,"mov,mp4,m4a,3gp,3g2,mj2",QuickTime / MOV
tangentialmomentsofrelationCreatesFreedomThroughObservation,07,11,2016,Jul,Monday,2016 ,11,.mp4,/Volumes/vs04-062016-102016/2016-07-july/07-11-2016/edits,23:37:47,UTC,56.823433,119672527,16848334,"mov,mp4,m4a,3gp,3g2,mj2",QuickTime / MOV
themicrosecondofsuspensionJustAsTheFloorDropsFromWithin,07,11,2016,Jul,Monday,2016 ,11,.mp4,/Volumes/vs04-062016-102016/2016-07-july/07-11-2016/edits,23:39:13,UTC,46.880167,100448775,17141368,"mov,mp4,m4a,3gp,3g2,mj2",QuickTime / MOV
transcendentalPhoenix,07,11,2016,Jul,Monday,2016 ,11,.mp4,/Volumes/vs04-062016-102016/2016-07-july/07-11-2016/edits,23:44:55,UTC,28.8288,58515495,16238066,"mov,mp4,m4a,3gp,3g2,mj2",QuickTime / MOV
tubedtimeHighwayHub01,07,11,2016,Jul,Monday,2016 ,11,.mp4,/Volumes/vs04-062016-102016/2016-07-july/07-11-2016/edits,23:43:54,UTC,23.1231,48740945,16863117,"mov,mp4,m4a,3gp,3g2,mj2",QuickTime / MOV
tubedtimeHighwayHub02,07,11,2016,Jul,Monday,2016 ,11,.mp4,/Volumes/vs04-062016-102016/2016-07-july/07-11-2016/edits,23:42:54,UTC,16.983633,35351520,16652041,"mov,mp4,m4a,3gp,3g2,mj2",QuickTime / MOV
whenTheThoughtsStart,07,11,2016,Jul,Tuesday,2016 ,12,.mp4,/Volumes/vs04-062016-102016/2016-07-july/07-11-2016/edits,00:20:21,UTC,60.427033,134921927,17862459,"mov,mp4,m4a,3gp,3g2,mj2",QuickTime / MOV
brokenBytes,07,13,2016,Jul,Monday,2016 ,18,.mp4,/Volumes/vs04-062016-102016/2016-07-july/07-13-2016/edits,06:21:31,UTC,11.077733,24094163,17400067,"mov,mp4,m4a,3gp,3g2,mj2",QuickTime / MOV
butterflySilt,07,13,2016,Jul,Monday,2016 ,18,.mp4,/Volumes/vs04-062016-102016/2016-07-july/07-13-2016/edits,05:46:27,UTC,40.073367,82699558,16509630,"mov,mp4,m4a,3gp,3g2,mj2",QuickTime / MOV
columnpulsedWhippleBeardtongue,07,13,2016,Jul,Monday,2016 ,18,.mp4,/Volumes/vs04-062016-102016/2016-07-july/07-13-2016/edits,06:26:38,UTC,43.1431,89268321,16552972,"mov,mp4,m4a,3gp,3g2,mj2",QuickTime / MOV
fluidRippleTuplet,07,13,2016,Jul,Monday,2016 ,18,.mp4,/Volumes/vs04-062016-102016/2016-07-july/07-13-2016/edits,05:48:01,UTC,51.384667,110762258,17244406,"mov,mp4,m4a,3gp,3g2,mj2",QuickTime / MOV
frogIlluminati,07,13,2016,Jul,Monday,2016 ,18,.mp4,/Volumes/vs04-062016-102016/2016-07-july/07-13-2016/edits,06:23:41,UTC,45.078367,99095229,17586303,"mov,mp4,m4a,3gp,3g2,mj2",QuickTime / MOV
hypnosisExperiment,07,13,2016,Jul,Monday,2016 ,18,.mp4,/Volumes/vs04-062016-102016/2016-07-july/07-13-2016/edits,05:44:45,UTC,12.746067,26776557,16806161,"mov,mp4,m4a,3gp,3g2,mj2",QuickTime / MOV
lastscanBeforeSetting,07,13,2016,Jul,Monday,2016 ,18,.mp4,/Volumes/vs04-062016-102016/2016-07-july/07-13-2016/edits,05:43:18,UTC,7.741067,17323606,17903067,"mov,mp4,m4a,3gp,3g2,mj2",QuickTime / MOV
lost(inside&)betweenTripperNotes,07,13,2016,Jul,Monday,2016 ,18,.mp4,/Volumes/vs04-062016-102016/2016-07-july/07-13-2016/edits,05:50:44,UTC,21.9219,44793470,16346564,"mov,mp4,m4a,3gp,3g2,mj2",QuickTime / MOV
lozengeDreams,07,13,2016,Jul,Monday,2016 ,18,.mp4,/Volumes/vs04-062016-102016/2016-07-july/07-13-2016/edits,05:49:37,UTC,38.471767,78497324,16323102,"mov,mp4,m4a,3gp,3g2,mj2",QuickTime / MOV
modulatingThePortal,07,13,2016,Jul,Monday,2016 ,18,.mp4,/Volumes/vs04-062016-102016/2016-07-july/07-13-2016/edits,06:24:44,UTC,31.865167,64876169,16287670,"mov,mp4,m4a,3gp,3g2,mj2",QuickTime / MOV
movingoutsidethelinesThenStartFromTheOutsideIn,07,13,2016,Jul,Monday,2016 ,18,.mp4,/Volumes/vs04-062016-102016/2016-07-july/07-13-2016/edits,06:27:52,UTC,34.768067,73797995,16980638,"mov,mp4,m4a,3gp,3g2,mj2",QuickTime / MOV
stovetopOvenMitIgnites,07,13,2016,Jul,Monday,2016 ,18,.mp4,/Volumes/vs04-062016-102016/2016-07-july/07-13-2016/edits,05:57:29,UTC,60.727333,123766288,16304524,"mov,mp4,m4a,3gp,3g2,mj2",QuickTime / MOV
talkingRose,07,13,2016,Jul,Monday,2016 ,18,.mp4,/Volumes/vs04-062016-102016/2016-07-july/07-13-2016/edits,06:25:12,UTC,12.5125,26517253,16954087,"mov,mp4,m4a,3gp,3g2,mj2",QuickTime / MOV
theessenceWhenVideoReachesTheBloodstream1,07,13,2016,Jul,Monday,2016 ,18,.mp4,/Volumes/vs04-062016-102016/2016-07-july/07-13-2016/edits,06:21:07,UTC,40.974267,86964048,16979251,"mov,mp4,m4a,3gp,3g2,mj2",QuickTime / MOV
theessenceWhenVideoReachesTheBloodstream2,07,13,2016,Jul,Monday,2016 ,18,.mp4,/Volumes/vs04-062016-102016/2016-07-july/07-13-2016/edits,05:58:28,UTC,30.296933,64102133,16926368,"mov,mp4,m4a,3gp,3g2,mj2",QuickTime / MOV
tumblingjunglehallwayWithinPinkDrips,07,13,2016,Jul,Monday,2016 ,18,.mp4,/Volumes/vs04-062016-102016/2016-07-july/07-13-2016/edits,06:22:18,UTC,24.958267,52397730,16795310,"mov,mp4,m4a,3gp,3g2,mj2",QuickTime / MOV
whenyoustareThePuddleBecomesTheStain,07,13,2016,Jul,Monday,2016 ,18,.mp4,/Volumes/vs04-062016-102016/2016-07-july/07-13-2016/edits,05:44:02,UTC,27.6276,55607164,16101916,"mov,mp4,m4a,3gp,3g2,mj2",QuickTime / MOV
whitefowlExtinguishedByVelocity&Water,07,13,2016,Jul,Monday,2016 ,18,.mp4,/Volumes/vs04-062016-102016/2016-07-july/07-13-2016/edits,05:54:50,UTC,39.3393,79399912,16146685,"mov,mp4,m4a,3gp,3g2,mj2",QuickTime / MOV
whitefowlSuccumbToTheFlames-A,07,13,2016,Jul,Monday,2016 ,18,.mp4,/Volumes/vs04-062016-102016/2016-07-july/07-13-2016/edits,05:53:19,UTC,49.6496,104330586,16810703,"mov,mp4,m4a,3gp,3g2,mj2",QuickTime / MOV
diaryBubbles,07,16,2016,Aug,Wednesday,2016 ,17,.mp4,/Volumes/vs04-062016-102016/2016-07-july/07-16-2016/edits,05:22:32,UTC,9.876533,21368134,17308206,"mov,mp4,m4a,3gp,3g2,mj2",QuickTime / MOV
evolvingPeople,07,16,2016,Aug,Wednesday,2016 ,17,.mp4,/Volumes/vs04-062016-102016/2016-07-july/07-16-2016/edits,05:24:02,UTC,52.185467,111436718,17083180,"mov,mp4,m4a,3gp,3g2,mj2",QuickTime / MOV
fluxCapacitor,07,16,2016,Aug,Wednesday,2016 ,17,.mp4,/Volumes/vs04-062016-102016/2016-07-july/07-16-2016/edits,05:25:13,UTC,33.6336,69632871,16562692,"mov,mp4,m4a,3gp,3g2,mj2",QuickTime / MOV
glitchingOcularNerves,07,16,2016,Jul,Sunday,2016 ,17,.mp4,/Volumes/vs04-062016-102016/2016-07-july/07-16-2016/edits,00:21:57,UTC,60.7607,123491513,16259393,"mov,mp4,m4a,3gp,3g2,mj2",QuickTime / MOV
missingpetalShortcutToTheCore,07,16,2016,Aug,Wednesday,2016 ,17,.mp4,/Volumes/vs04-062016-102016/2016-07-july/07-16-2016/edits,05:28:18,UTC,60.693967,127009401,16740958,"mov,mp4,m4a,3gp,3g2,mj2",QuickTime / MOV
pinchSqueeze&Pierce,07,16,2016,Aug,Wednesday,2016 ,17,.mp4,/Volumes/vs04-062016-102016/2016-07-july/07-16-2016/edits,05:22:04,UTC,20.487133,42885810,16746436,"mov,mp4,m4a,3gp,3g2,mj2",QuickTime / MOV
puddpleSplitWithSticks,07,16,2016,Aug,Wednesday,2016 ,17,.mp4,/Volumes/vs04-062016-102016/2016-07-july/07-16-2016/edits,05:26:17,UTC,32.766067,74651984,18226657,"mov,mp4,m4a,3gp,3g2,mj2",QuickTime / MOV
scanningStandardizedExams,07,16,2016,Aug,Wednesday,2016 ,17,.mp4,/Volumes/vs04-062016-102016/2016-07-july/07-16-2016/edits,05:21:26,UTC,37.203833,72747040,15642912,"mov,mp4,m4a,3gp,3g2,mj2",QuickTime / MOV
shieldthepublicFromDarkThemes,07,16,2016,Aug,Wednesday,2016 ,17,.mp4,/Volumes/vs04-062016-102016/2016-07-july/07-16-2016/edits,05:28:56,UTC,17.684333,37057900,16764171,"mov,mp4,m4a,3gp,3g2,mj2",QuickTime / MOV
showtheteethWithoutTheOutwardDisplay,07,16,2016,Aug,Wednesday,2016 ,17,.mp4,/Volumes/vs04-062016-102016/2016-07-july/07-16-2016/edits,05:30:06,UTC,5.939267,13169053,17738287,"mov,mp4,m4a,3gp,3g2,mj2",QuickTime / MOV
thinkingaboutStainedGlass,07,16,2016,Aug,Wednesday,2016 ,17,.mp4,/Volumes/vs04-062016-102016/2016-07-july/07-16-2016/edits,05:29:40,UTC,19.486133,41880071,17193794,"mov,mp4,m4a,3gp,3g2,mj2",QuickTime / MOV
w,07,16,2016,Aug,Wednesday,2016 ,17,.mp4,/Volumes/vs04-062016-102016/2016-07-july/07-16-2016/edits,05:20:29,UTC,50.583867,106606427,16860146,"mov,mp4,m4a,3gp,3g2,mj2",QuickTime / MOV
argumentGak,07,19,2016,Aug,Wednesday,2016 ,17,.mp4,/Volumes/vs04-062016-102016/2016-07-july/07-19-2016/edits,04:59:43,UTC,59.1591,133852975,18100745,"mov,mp4,m4a,3gp,3g2,mj2",QuickTime / MOV
arthroscopicKneeCamera,07,19,2016,Aug,Wednesday,2016 ,17,.mp4,/Volumes/vs04-062016-102016/2016-07-july/07-19-2016/edits,05:08:33,UTC,264.597667,530538771,16040618,"mov,mp4,m4a,3gp,3g2,mj2",QuickTime / MOV
birthdaySurprise,07,19,2016,Aug,Wednesday,2016 ,17,.mp4,/Volumes/vs04-062016-102016/2016-07-july/07-19-2016/edits,04:57:52,UTC,12.278933,27459881,17890727,"mov,mp4,m4a,3gp,3g2,mj2",QuickTime / MOV
blueFlipTiles,07,19,2016,Aug,Wednesday,2016 ,17,.mp4,/Volumes/vs04-062016-102016/2016-07-july/07-19-2016/edits,05:16:41,UTC,162.996167,351396223,17246845,"mov,mp4,m4a,3gp,3g2,mj2",QuickTime / MOV
chapterBookeneds,07,19,2016,Aug,Wednesday,2016 ,17,.mp4,/Volumes/vs04-062016-102016/2016-07-july/07-19-2016/edits,05:00:30,UTC,20.787433,47806361,18398177,"mov,mp4,m4a,3gp,3g2,mj2",QuickTime / MOV
cityofworkPromoteCreativityPSA,07,19,2016,Jul,Tuesday,2016 ,19,.mp4,/Volumes/vs04-062016-102016/2016-07-july/07-19-2016/edits,21:06:22,UTC,22.8228,45531732,15960086,"mov,mp4,m4a,3gp,3g2,mj2",QuickTime / MOV
directionAbound,07,19,2016,Aug,Wednesday,2016 ,17,.mp4,/Volumes/vs04-062016-102016/2016-07-july/07-19-2016/edits,04:57:27,UTC,41.207833,86474961,16788062,"mov,mp4,m4a,3gp,3g2,mj2",QuickTime / MOV
dontwashTheWindshield,07,19,2016,Aug,Wednesday,2016 ,17,.mp4,/Volumes/vs04-062016-102016/2016-07-july/07-19-2016/edits,04:56:09,UTC,38.972267,84529516,17351726,"mov,mp4,m4a,3gp,3g2,mj2",QuickTime / MOV
flamesstuckTopCornerOfTheCeiling,07,19,2016,Aug,Wednesday,2016 ,17,.mp4,/Volumes/vs04-062016-102016/2016-07-july/07-19-2016/edits,04:53:19,UTC,1.368033,3571709,20886683,"mov,mp4,m4a,3gp,3g2,mj2",QuickTime / MOV
inspirationalglassesPushedAgainstTheBridge,07,19,2016,Aug,Wednesday,2016 ,17,.mp4,/Volumes/vs04-062016-102016/2016-07-july/07-19-2016/edits,04:53:14,UTC,22.856167,48102614,16836633,"mov,mp4,m4a,3gp,3g2,mj2",QuickTime / MOV
invertedchandlierDrippingWax,07,19,2016,Aug,Wednesday,2016 ,17,.mp4,/Volumes/vs04-062016-102016/2016-07-july/07-19-2016/edits,05:11:07,UTC,45.3453,99886848,17622439,"mov,mp4,m4a,3gp,3g2,mj2",QuickTime / MOV
levitatingDeity,07,19,2016,Jul,Tuesday,2016 ,19,.mp4,/Volumes/vs04-062016-102016/2016-07-july/07-19-2016/edits,21:09:41,UTC,77.7777,159227720,16377724,"mov,mp4,m4a,3gp,3g2,mj2",QuickTime / MOV
livestransformedintoModularNodesOfExperience,07,19,2016,Jul,Tuesday,2016 ,19,.mp4,/Volumes/vs04-062016-102016/2016-07-july/07-19-2016/edits,21:07:25,UTC,33.500133,69855424,16681826,"mov,mp4,m4a,3gp,3g2,mj2",QuickTime / MOV
luredintoTelephoneConversations,07,19,2016,Jul,Tuesday,2016 ,19,.mp4,/Volumes/vs04-062016-102016/2016-07-july/07-19-2016/edits,21:05:36,UTC,46.312933,93795834,16202097,"mov,mp4,m4a,3gp,3g2,mj2",QuickTime / MOV
memorieslostToCorneredFlames,07,19,2016,Aug,Wednesday,2016 ,17,.mp4,/Volumes/vs04-062016-102016/2016-07-july/07-19-2016/edits,04:54:36,UTC,48.114733,99064442,16471369,"mov,mp4,m4a,3gp,3g2,mj2",QuickTime / MOV
monitoredPhoneCalls,07,19,2016,Aug,Wednesday,2016 ,17,.mp4,/Volumes/vs04-062016-102016/2016-07-july/07-19-2016/edits,05:18:51,UTC,52.986267,121086728,18281979,"mov,mp4,m4a,3gp,3g2,mj2",QuickTime / MOV
officePolicyReview,07,19,2016,Jul,Tuesday,2016 ,19,.mp4,/Volumes/vs04-062016-102016/2016-07-july/07-19-2016/edits,21:03:53,UTC,24.024,51437318,17128644,"mov,mp4,m4a,3gp,3g2,mj2",QuickTime / MOV
operationTheGame,07,19,2016,Aug,Tuesday,2016 ,16,.mp4,/Volumes/vs04-062016-102016/2016-07-july/07-19-2016/edits,22:47:09,UTC,61.928533,135709889,17531161,"mov,mp4,m4a,3gp,3g2,mj2",QuickTime / MOV
printCopy,07,19,2016,Jul,Tuesday,2016 ,19,.mp4,/Volumes/vs04-062016-102016/2016-07-july/07-19-2016/edits,21:04:08,UTC,6.1061,13143372,17219989,"mov,mp4,m4a,3gp,3g2,mj2",QuickTime / MOV
purityBecomesBeliefturnsintofraud,07,19,2016,Aug,Tuesday,2016 ,16,.mp4,/Volumes/vs04-062016-102016/2016-07-july/07-19-2016/edits,22:42:00,UTC,69.8698,140330460,16067652,"mov,mp4,m4a,3gp,3g2,mj2",QuickTime / MOV
rebeccasIndigo,07,19,2016,Aug,Tuesday,2016 ,16,.mp4,/Volumes/vs04-062016-102016/2016-07-july/07-19-2016/edits,22:42:42,UTC,23.2232,48580345,16735107,"mov,mp4,m4a,3gp,3g2,mj2",QuickTime / MOV
scaledScrolla,07,19,2016,Aug,Tuesday,2016 ,16,.mp4,/Volumes/vs04-062016-102016/2016-07-july/07-19-2016/edits,22:39:20,UTC,15.3153,34575134,18060440,"mov,mp4,m4a,3gp,3g2,mj2",QuickTime / MOV
scrunchFace,07,19,2016,Jul,Tuesday,2016 ,19,.mp4,/Volumes/vs04-062016-102016/2016-07-july/07-19-2016/edits,21:03:09,UTC,17.6176,39536890,17953360,"mov,mp4,m4a,3gp,3g2,mj2",QuickTime / MOV
solarchargingThrowBlanket,07,19,2016,Aug,Wednesday,2016 ,17,.mp4,/Volumes/vs04-062016-102016/2016-07-july/07-19-2016/edits,05:12:08,UTC,22.7227,48070714,16924296,"mov,mp4,m4a,3gp,3g2,mj2",QuickTime / MOV
spewedrabbleBecomesConcreteIdeology,07,19,2016,Aug,Tuesday,2016 ,16,.mp4,/Volumes/vs04-062016-102016/2016-07-july/07-19-2016/edits,22:39:51,UTC,17.851167,38752577,17366966,"mov,mp4,m4a,3gp,3g2,mj2",QuickTime / MOV
splashMauler,07,19,2016,Jul,Tuesday,2016 ,19,.mp4,/Volumes/vs04-062016-102016/2016-07-july/07-19-2016/edits,21:10:31,UTC,22.055367,43991796,15956858,"mov,mp4,m4a,3gp,3g2,mj2",QuickTime / MOV
subjectiveMalware,07,19,2016,Aug,Wednesday,2016 ,17,.mp4,/Volumes/vs04-062016-102016/2016-07-july/07-19-2016/edits,04:54:53,UTC,7.874533,15890236,16143419,"mov,mp4,m4a,3gp,3g2,mj2",QuickTime / MOV
turningwordsObfuscateHonestIntentions,07,19,2016,Aug,Tuesday,2016 ,16,.mp4,/Volumes/vs04-062016-102016/2016-07-july/07-19-2016/edits,22:45:27,UTC,45.812433,98657540,17228081,"mov,mp4,m4a,3gp,3g2,mj2",QuickTime / MOV
vanillaRadiationBullseye,07,19,2016,Aug,Wednesday,2016 ,17,.mp4,/Volumes/vs04-062016-102016/2016-07-july/07-19-2016/edits,04:52:09,UTC,42.7427,90246390,16891097,"mov,mp4,m4a,3gp,3g2,mj2",QuickTime / MOV
whichfaceSuitsYou-,07,19,2016,Aug,Tuesday,2016 ,16,.mp4,/Volumes/vs04-062016-102016/2016-07-july/07-19-2016/edits,22:44:09,UTC,50.2502,107050618,17042816,"mov,mp4,m4a,3gp,3g2,mj2",QuickTime / MOV
bowedTension,07,21,2016,Aug,Sunday,2016 ,07,.mp4,/Volumes/vs04-062016-102016/2016-07-july/07-21-2016/edits,21:05:42,UTC,5.772433,14112536,19558527,"mov,mp4,m4a,3gp,3g2,mj2",QuickTime / MOV
coatedarmsQuiltedPeople,07,21,2016,Aug,Sunday,2016 ,07,.mp4,/Volumes/vs04-062016-102016/2016-07-july/07-21-2016/edits,21:07:34,UTC,53.8538,120427314,17889517,"mov,mp4,m4a,3gp,3g2,mj2",QuickTime / MOV
evolvingstainedglassWithinTheTempleOfTruth,07,21,2016,Aug,Sunday,2016 ,07,.mp4,/Volumes/vs04-062016-102016/2016-07-july/07-21-2016/edits,21:15:25,UTC,58.024633,122563340,16898111,"mov,mp4,m4a,3gp,3g2,mj2",QuickTime / MOV
faceTotem,07,21,2016,Aug,Sunday,2016 ,07,.mp4,/Volumes/vs04-062016-102016/2016-07-july/07-21-2016/edits,21:19:43,UTC,15.081733,32271440,17118160,"mov,mp4,m4a,3gp,3g2,mj2",QuickTime / MOV
fencepushedWatermelonSummer,07,21,2016,Aug,Sunday,2016 ,07,.mp4,/Volumes/vs04-062016-102016/2016-07-july/07-21-2016/edits,21:06:04,UTC,10.643967,26624559,20011004,"mov,mp4,m4a,3gp,3g2,mj2",QuickTime / MOV
lanternprayersSummoningDimensionInsight,07,21,2016,Aug,Sunday,2016 ,07,.mp4,/Volumes/vs04-062016-102016/2016-07-july/07-21-2016/edits,21:12:49,UTC,25.9259,56741416,17508797,"mov,mp4,m4a,3gp,3g2,mj2",QuickTime / MOV
movingCastleWalls,07,21,2016,Aug,Sunday,2016 ,07,.mp4,/Volumes/vs04-062016-102016/2016-07-july/07-21-2016/edits,21:09:39,UTC,22.6226,47857874,16923916,"mov,mp4,m4a,3gp,3g2,mj2",QuickTime / MOV
nolimitsWhileWorkingWithinSystems,07,21,2016,Aug,Sunday,2016 ,07,.mp4,/Volumes/vs04-062016-102016/2016-07-july/07-21-2016/edits,21:11:03,UTC,49.516133,102857332,16617991,"mov,mp4,m4a,3gp,3g2,mj2",QuickTime / MOV
periwinkleRoses,07,21,2016,Aug,Sunday,2016 ,07,.mp4,/Volumes/vs04-062016-102016/2016-07-july/07-21-2016/edits,21:11:54,UTC,16.249567,36121220,17783228,"mov,mp4,m4a,3gp,3g2,mj2",QuickTime / MOV
sequenceTheSeance01,07,21,2016,Aug,Sunday,2016 ,07,.mp4,/Volumes/vs04-062016-102016/2016-07-july/07-21-2016/edits,21:20:34,UTC,19.085733,40632694,17031651,"mov,mp4,m4a,3gp,3g2,mj2",QuickTime / MOV
sequenceTheSeance02,07,21,2016,Aug,Sunday,2016 ,07,.mp4,/Volumes/vs04-062016-102016/2016-07-july/07-21-2016/edits,21:22:15,UTC,52.2522,109517478,16767520,"mov,mp4,m4a,3gp,3g2,mj2",QuickTime / MOV
sequenceTheSeance03,07,21,2016,Aug,Sunday,2016 ,07,.mp4,/Volumes/vs04-062016-102016/2016-07-july/07-21-2016/edits,21:23:46,UTC,26.960267,58727681,17426438,"mov,mp4,m4a,3gp,3g2,mj2",QuickTime / MOV
smashingFaceAndBowtie,07,21,2016,Aug,Sunday,2016 ,07,.mp4,/Volumes/vs04-062016-102016/2016-07-july/07-21-2016/edits,21:16:48,UTC,25.792433,53729366,16665156,"mov,mp4,m4a,3gp,3g2,mj2",QuickTime / MOV
smudgedAside,07,21,2016,Aug,Sunday,2016 ,07,.mp4,/Volumes/vs04-062016-102016/2016-07-july/07-21-2016/edits,21:08:54,UTC,36.403033,78004586,17142436,"mov,mp4,m4a,3gp,3g2,mj2",QuickTime / MOV
thecenterpointNeverShifts,07,21,2016,Aug,Sunday,2016 ,07,.mp4,/Volumes/vs04-062016-102016/2016-07-july/07-21-2016/edits,21:17:40,UTC,29.195833,61690487,16903915,"mov,mp4,m4a,3gp,3g2,mj2",QuickTime / MOV
themomentbeingsnowblindBecomesReality,07,21,2016,Aug,Sunday,2016 ,07,.mp4,/Volumes/vs04-062016-102016/2016-07-july/07-21-2016/edits,21:18:56,UTC,30.864167,67408618,17472331,"mov,mp4,m4a,3gp,3g2,mj2",QuickTime / MOV
toweroffrogsInspectionProcess,07,21,2016,Aug,Sunday,2016 ,07,.mp4,/Volumes/vs04-062016-102016/2016-07-july/07-21-2016/edits,21:13:27,UTC,20.4204,45838969,17958108,"mov,mp4,m4a,3gp,3g2,mj2",QuickTime / MOV
unfoldingBeads,07,21,2016,Aug,Sunday,2016 ,07,.mp4,/Volumes/vs04-062016-102016/2016-07-july/07-21-2016/edits,21:16:00,UTC,6.039367,13770189,18240572,"mov,mp4,m4a,3gp,3g2,mj2",QuickTime / MOV
