annalsConcussiveImpact,11,01,2016,Nov,Saturday,2016 ,05,.mp4,/Volumes/vs05-112016-082017/2016-11-november/11-01-2016/edits,08:53:59,UTC,43.510133,92259679,16963345,"mov,mp4,m4a,3gp,3g2,mj2",QuickTime / MOV
collectiveSarcomere,11,01,2016,Nov,Saturday,2016 ,05,.mp4,/Volumes/vs05-112016-082017/2016-11-november/11-01-2016/edits,08:56:56,UTC,56.523133,128589670,18199935,"mov,mp4,m4a,3gp,3g2,mj2",QuickTime / MOV
duramaterTheSensationOfImpact,11,01,2016,Nov,Saturday,2016 ,05,.mp4,/Volumes/vs05-112016-082017/2016-11-november/11-01-2016/edits,08:55:06,UTC,26.026,54138177,16641259,"mov,mp4,m4a,3gp,3g2,mj2",QuickTime / MOV
gadEyelash,11,01,2016,Nov,Saturday,2016 ,05,.mp4,/Volumes/vs05-112016-082017/2016-11-november/11-01-2016/edits,08:52:09,UTC,11.978633,16564543,11062726,"mov,mp4,m4a,3gp,3g2,mj2",QuickTime / MOV
varicoseVeins,11,01,2016,Nov,Saturday,2016 ,05,.mp4,/Volumes/vs05-112016-082017/2016-11-november/11-01-2016/edits,08:52:44,UTC,23.490133,47020293,16013631,"mov,mp4,m4a,3gp,3g2,mj2",QuickTime / MOV
abacuskeepsakeHoldingTheCount01,11,02,2016,Nov,Saturday,2016 ,05,.mp4,/Volumes/vs05-112016-082017/2016-11-november/11-02-2016/edits,09:20:40,UTC,34.3343,73260458,17069917,"mov,mp4,m4a,3gp,3g2,mj2",QuickTime / MOV
abacuskeepsakeHoldingTheCount02,11,02,2016,Nov,Saturday,2016 ,05,.mp4,/Volumes/vs05-112016-082017/2016-11-november/11-02-2016/edits,09:20:58,UTC,7.5075,16345157,17417416,"mov,mp4,m4a,3gp,3g2,mj2",QuickTime / MOV
abacuskeepsakeHoldingTheCount03,11,02,2016,Nov,Saturday,2016 ,05,.mp4,/Volumes/vs05-112016-082017/2016-11-november/11-02-2016/edits,09:21:46,UTC,24.3243,52594960,17297915,"mov,mp4,m4a,3gp,3g2,mj2",QuickTime / MOV
bilgesiliconeInIntramuscularInfection,11,02,2016,Nov,Saturday,2016 ,05,.mp4,/Volumes/vs05-112016-082017/2016-11-november/11-02-2016/edits,09:02:42,UTC,50.3503,107141530,17023379,"mov,mp4,m4a,3gp,3g2,mj2",QuickTime / MOV
bubblegumWornTeethCheetos,11,02,2016,Nov,Monday,2016 ,21,.mp4,/Volumes/vs05-112016-082017/2016-11-november/11-02-2016/edits,08:40:24,UTC,11.077733,24563120,17738734,"mov,mp4,m4a,3gp,3g2,mj2",QuickTime / MOV
crystalscopeInspectingWallpaper,11,02,2016,Nov,Monday,2016 ,21,.mp4,/Volumes/vs05-112016-082017/2016-11-november/11-02-2016/edits,08:42:39,UTC,28.7287,61003363,16987434,"mov,mp4,m4a,3gp,3g2,mj2",QuickTime / MOV
derrick'sTank,11,02,2016,Nov,Saturday,2016 ,05,.mp4,/Volumes/vs05-112016-082017/2016-11-november/11-02-2016/edits,09:04:18,UTC,23.1231,52788733,18263548,"mov,mp4,m4a,3gp,3g2,mj2",QuickTime / MOV
evaporatingMorality,11,02,2016,Nov,Saturday,2016 ,05,.mp4,/Volumes/vs05-112016-082017/2016-11-november/11-02-2016/edits,09:30:22,UTC,16.783433,36842376,17561306,"mov,mp4,m4a,3gp,3g2,mj2",QuickTime / MOV
feignBarbershopLeeching,11,02,2016,Nov,Saturday,2016 ,05,.mp4,/Volumes/vs05-112016-082017/2016-11-november/11-02-2016/edits,08:57:41,UTC,11.478133,25748354,17946022,"mov,mp4,m4a,3gp,3g2,mj2",QuickTime / MOV
fooddyeScratchingEnamel,11,02,2016,Nov,Monday,2016 ,21,.mp4,/Volumes/vs05-112016-082017/2016-11-november/11-02-2016/edits,08:40:33,UTC,3.837167,8870992,18494878,"mov,mp4,m4a,3gp,3g2,mj2",QuickTime / MOV
granularizedtimereleaseInteractingWithBodyPlaque,11,02,2016,Nov,Monday,2016 ,21,.mp4,/Volumes/vs05-112016-082017/2016-11-november/11-02-2016/edits,08:40:59,UTC,14.381033,30466500,16948156,"mov,mp4,m4a,3gp,3g2,mj2",QuickTime / MOV
jonestownKool-Aid,11,02,2016,Nov,Saturday,2016 ,05,.mp4,/Volumes/vs05-112016-082017/2016-11-november/11-02-2016/edits,09:06:31,UTC,42.809433,91856979,17165745,"mov,mp4,m4a,3gp,3g2,mj2",QuickTime / MOV
paralyzingconfusionCreatingCementShoes,11,02,2016,Nov,Saturday,2016 ,05,.mp4,/Volumes/vs05-112016-082017/2016-11-november/11-02-2016/edits,09:00:49,UTC,88.621867,180761666,16317567,"mov,mp4,m4a,3gp,3g2,mj2",QuickTime / MOV
projectingthroughlayersDeepCaptureMRI,11,02,2016,Nov,Saturday,2016 ,05,.mp4,/Volumes/vs05-112016-082017/2016-11-november/11-02-2016/edits,09:03:31,UTC,14.5145,32617237,17977739,"mov,mp4,m4a,3gp,3g2,mj2",QuickTime / MOV
sharpnelDeflection,11,02,2016,Nov,Monday,2016 ,21,.mp4,/Volumes/vs05-112016-082017/2016-11-november/11-02-2016/edits,08:40:02,UTC,11.878533,26689994,17975279,"mov,mp4,m4a,3gp,3g2,mj2",QuickTime / MOV
watercoloringWithBootstraps,11,02,2016,Nov,Monday,2016 ,21,.mp4,/Volumes/vs05-112016-082017/2016-11-november/11-02-2016/edits,08:41:45,UTC,24.090733,52077073,17293644,"mov,mp4,m4a,3gp,3g2,mj2",QuickTime / MOV
coarseningNuclearStress,11,03,2016,Nov,Wednesday,2016 ,09,.mp4,/Volumes/vs05-112016-082017/2016-11-november/11-03-2016/edits,20:59:30,UTC,6.4064,14808130,18491670,"mov,mp4,m4a,3gp,3g2,mj2",QuickTime / MOV
perceptionPrecipitation,11,03,2016,Nov,Wednesday,2016 ,09,.mp4,/Volumes/vs05-112016-082017/2016-11-november/11-03-2016/edits,20:59:04,UTC,29.162467,62942289,17266656,"mov,mp4,m4a,3gp,3g2,mj2",QuickTime / MOV
rupturedUnderwaterAirValve,11,03,2016,Nov,Monday,2016 ,21,.mp4,/Volumes/vs05-112016-082017/2016-11-november/11-03-2016/edits,08:43:05,UTC,12.3123,27041227,17570219,"mov,mp4,m4a,3gp,3g2,mj2",QuickTime / MOV
rupturedUnderwaterAirValve2,11,03,2016,Nov,Monday,2016 ,21,.mp4,/Volumes/vs05-112016-082017/2016-11-november/11-03-2016/edits,08:44:39,UTC,53.520133,108379213,16200141,"mov,mp4,m4a,3gp,3g2,mj2",QuickTime / MOV
whenyouwakeupTheTakeoverHasStarted,11,03,2016,Nov,Wednesday,2016 ,09,.mp4,/Volumes/vs05-112016-082017/2016-11-november/11-03-2016/edits,21:00:33,UTC,33.3333,69400828,16656215,"mov,mp4,m4a,3gp,3g2,mj2",QuickTime / MOV
whenyouwakeupTheTakeoverHasStarted_4k,11,03,2016,Nov,Wednesday,2016 ,09,.mp4,/Volumes/vs05-112016-082017/2016-11-november/11-03-2016/edits,21:15:29,UTC,33.386667,169460509,40605552,"mov,mp4,m4a,3gp,3g2,mj2",QuickTime / MOV
bloodWarrantingCreation,11,06,2016,Nov,Wednesday,2016 ,09,.mp4,/Volumes/vs05-112016-082017/2016-11-november/11-06-2016/edits,20:39:01,UTC,43.1431,102217923,18954210,"mov,mp4,m4a,3gp,3g2,mj2",QuickTime / MOV
buildWithJustSpiritAndNoHope,11,06,2016,Dec,Thursday,2016 ,22,.mp4,/Volumes/vs05-112016-082017/2016-11-november/11-06-2016/edits,20:41:13,UTC,31.598233,68938675,17453805,"mov,mp4,m4a,3gp,3g2,mj2",QuickTime / MOV
dimensionalhighwayroadsideSpacecraftMetamorphosis,11,06,2016,Dec,Thursday,2016 ,22,.mp4,/Volumes/vs05-112016-082017/2016-11-november/11-06-2016/edits,20:33:39,UTC,57.9579,129629059,17892857,"mov,mp4,m4a,3gp,3g2,mj2",QuickTime / MOV
doyoueverThinkToBreathe,11,06,2016,Dec,Thursday,2016 ,22,.mp4,/Volumes/vs05-112016-082017/2016-11-november/11-06-2016/edits,20:36:47,UTC,36.803433,91496022,19888584,"mov,mp4,m4a,3gp,3g2,mj2",QuickTime / MOV
embershieldDefenselessOaks,11,06,2016,Nov,Wednesday,2016 ,09,.mp4,/Volumes/vs05-112016-082017/2016-11-november/11-06-2016/edits,20:42:05,UTC,78.011267,177466609,18199074,"mov,mp4,m4a,3gp,3g2,mj2",QuickTime / MOV
lipSmackin',11,06,2016,Nov,Wednesday,2016 ,09,.mp4,/Volumes/vs05-112016-082017/2016-11-november/11-06-2016/edits,20:42:23,UTC,4.1041,9209735,17952262,"mov,mp4,m4a,3gp,3g2,mj2",QuickTime / MOV
nonpareilProjectiedMindDistraction,11,06,2016,Nov,Wednesday,2016 ,09,.mp4,/Volumes/vs05-112016-082017/2016-11-november/11-06-2016/edits,20:44:48,UTC,92.2922,204933181,17763857,"mov,mp4,m4a,3gp,3g2,mj2",QuickTime / MOV
peelerUpClose,11,06,2016,Dec,Thursday,2016 ,22,.mp4,/Volumes/vs05-112016-082017/2016-11-november/11-06-2016/edits,20:53:18,UTC,35.5355,83752907,18855039,"mov,mp4,m4a,3gp,3g2,mj2",QuickTime / MOV
selectedencapsulatedmemoriesenrichedByTheEvolutionOfFire,11,06,2016,Dec,Thursday,2016 ,22,.mp4,/Volumes/vs05-112016-082017/2016-11-november/11-06-2016/edits,20:51:01,UTC,63.129733,147007544,18629262,"mov,mp4,m4a,3gp,3g2,mj2",QuickTime / MOV
thespitAlwaysRefractsInTheWell,11,06,2016,Dec,Thursday,2016 ,22,.mp4,/Volumes/vs05-112016-082017/2016-11-november/11-06-2016/edits,20:57:04,UTC,60.4604,139564322,18466873,"mov,mp4,m4a,3gp,3g2,mj2",QuickTime / MOV
timeGatewayPillars,11,06,2016,Dec,Thursday,2016 ,22,.mp4,/Volumes/vs05-112016-082017/2016-11-november/11-06-2016/edits,20:34:25,UTC,8.842167,20629641,18664782,"mov,mp4,m4a,3gp,3g2,mj2",QuickTime / MOV
tryingtoprocuePlutonium,11,06,2016,Dec,Thursday,2016 ,22,.mp4,/Volumes/vs05-112016-082017/2016-11-november/11-06-2016/edits,20:43:08,UTC,30.296933,60742170,16039160,"mov,mp4,m4a,3gp,3g2,mj2",QuickTime / MOV
xmastreeSelectAndPeel,11,06,2016,Dec,Thursday,2016 ,22,.mp4,/Volumes/vs05-112016-082017/2016-11-november/11-06-2016/edits,20:47:06,UTC,49.282567,116291149,18877449,"mov,mp4,m4a,3gp,3g2,mj2",QuickTime / MOV
creepingblackoutrelityPaintedInTheCorner,11,12,2016,Nov,Saturday,2016 ,19,.mp4,/Volumes/vs05-112016-082017/2016-11-november/11-12-2016/edits,20:32:46,UTC,34.701333,71953318,16588023,"mov,mp4,m4a,3gp,3g2,mj2",QuickTime / MOV
driverhillsDawnHeatRisers,11,12,2016,Nov,Saturday,2016 ,19,.mp4,/Volumes/vs05-112016-082017/2016-11-november/11-12-2016/edits,20:33:39,UTC,15.849167,35284274,17810033,"mov,mp4,m4a,3gp,3g2,mj2",QuickTime / MOV
driverhillsSmokeyBeforeDawn,11,12,2016,Nov,Saturday,2016 ,19,.mp4,/Volumes/vs05-112016-082017/2016-11-november/11-12-2016/edits,20:30:51,UTC,11.845167,9125204,6162988,"mov,mp4,m4a,3gp,3g2,mj2",QuickTime / MOV
hardedgedplantFilteringTheSea,11,12,2016,Nov,Saturday,2016 ,19,.mp4,/Volumes/vs05-112016-082017/2016-11-november/11-12-2016/edits,20:30:15,UTC,51.4514,100683318,15654900,"mov,mp4,m4a,3gp,3g2,mj2",QuickTime / MOV
only1glasswallldiscussedTheRestWasAnIllusion,11,12,2016,Nov,Saturday,2016 ,19,.mp4,/Volumes/vs05-112016-082017/2016-11-november/11-12-2016/edits,20:31:49,UTC,29.763067,59373545,15958985,"mov,mp4,m4a,3gp,3g2,mj2",QuickTime / MOV
seafoamPeeler,11,12,2016,Nov,Saturday,2016 ,19,.mp4,/Volumes/vs05-112016-082017/2016-11-november/11-12-2016/edits,20:33:07,UTC,4.2042,10762585,20479682,"mov,mp4,m4a,3gp,3g2,mj2",QuickTime / MOV
tripleCrosshair,11,12,2016,Nov,Saturday,2016 ,19,.mp4,/Volumes/vs05-112016-082017/2016-11-november/11-12-2016/edits,20:28:48,UTC,30.797433,65246956,16948673,"mov,mp4,m4a,3gp,3g2,mj2",QuickTime / MOV
directtobrainUFOwallpaper,11,14,2016,Dec,Thursday,2016 ,15,.mp4,/Volumes/vs05-112016-082017/2016-11-november/11-14-2016/edits,19:32:28,UTC,13.3133,30176775,18133310,"mov,mp4,m4a,3gp,3g2,mj2",QuickTime / MOV
extrudingtealPouredInOrangeJuice,11,14,2016,Dec,Thursday,2016 ,15,.mp4,/Volumes/vs05-112016-082017/2016-11-november/11-14-2016/edits,19:29:03,UTC,51.384667,106312484,16551627,"mov,mp4,m4a,3gp,3g2,mj2",QuickTime / MOV
frackedWater,11,14,2016,Dec,Thursday,2016 ,15,.mp4,/Volumes/vs05-112016-082017/2016-11-november/11-14-2016/edits,19:27:04,UTC,65.899167,139934736,16987739,"mov,mp4,m4a,3gp,3g2,mj2",QuickTime / MOV
intergalacticlegionaireCollective1WaxStamp,11,14,2016,Dec,Thursday,2016 ,15,.mp4,/Volumes/vs05-112016-082017/2016-11-november/11-14-2016/edits,19:23:11,UTC,26.393033,57063701,17296595,"mov,mp4,m4a,3gp,3g2,mj2",QuickTime / MOV
intergalacticlegionaireCollective2WaxStamp,11,14,2016,Dec,Thursday,2016 ,15,.mp4,/Volumes/vs05-112016-082017/2016-11-november/11-14-2016/edits,19:25:09,UTC,36.6366,77913425,17013243,"mov,mp4,m4a,3gp,3g2,mj2",QuickTime / MOV
snakeSkin,11,14,2016,Dec,Thursday,2016 ,15,.mp4,/Volumes/vs05-112016-082017/2016-11-november/11-14-2016/edits,19:29:40,UTC,11.1111,24551976,17677440,"mov,mp4,m4a,3gp,3g2,mj2",QuickTime / MOV
spikeshooterLightTwingespiralillness,11,14,2016,Dec,Thursday,2016 ,15,.mp4,/Volumes/vs05-112016-082017/2016-11-november/11-14-2016/edits,19:24:06,UTC,17.650967,37348621,16927626,"mov,mp4,m4a,3gp,3g2,mj2",QuickTime / MOV
traditionalExoPlanetThrowBlanket,11,14,2016,Dec,Thursday,2016 ,15,.mp4,/Volumes/vs05-112016-082017/2016-11-november/11-14-2016/edits,19:31:01,UTC,30.4304,66831145,17569573,"mov,mp4,m4a,3gp,3g2,mj2",QuickTime / MOV
wadingwaterHippoPeak,11,14,2016,Dec,Thursday,2016 ,15,.mp4,/Volumes/vs05-112016-082017/2016-11-november/11-14-2016/edits,19:31:40,UTC,12.8128,29977196,18717030,"mov,mp4,m4a,3gp,3g2,mj2",QuickTime / MOV
cheddarchipsNoseGoo,11,16,2016,Dec,Thursday,2016 ,15,.mp4,/Volumes/vs05-112016-082017/2016-11-november/11-16-2016/edits,18:31:37,UTC,46.379667,104732884,18065310,"mov,mp4,m4a,3gp,3g2,mj2",QuickTime / MOV
conjuringFlamecraft,11,17,2016,Dec,Thursday,2016 ,01,.mp4,/Volumes/vs05-112016-082017/2016-11-november/11-17-2016/edits,09:52:37,UTC,8.875533,19864934,17905344,"mov,mp4,m4a,3gp,3g2,mj2",QuickTime / MOV
jetfuelBeamBender,11,17,2016,Dec,Thursday,2016 ,01,.mp4,/Volumes/vs05-112016-082017/2016-11-november/11-17-2016/edits,09:54:31,UTC,60.4604,142100743,18802487,"mov,mp4,m4a,3gp,3g2,mj2",QuickTime / MOV
confessionFormalities,11,18,2016,Dec,Thursday,2016 ,15,.mp4,/Volumes/vs05-112016-082017/2016-11-november/11-18-2016/edits,18:29:17,UTC,63.897167,128496259,16087881,"mov,mp4,m4a,3gp,3g2,mj2",QuickTime / MOV
space9s,11,18,2016,Dec,Thursday,2016 ,15,.mp4,/Volumes/vs05-112016-082017/2016-11-november/11-18-2016/edits,18:30:06,UTC,27.160467,54771299,16132653,"mov,mp4,m4a,3gp,3g2,mj2",QuickTime / MOV
thenun'sAdviceSmudging,11,18,2016,Dec,Thursday,2016 ,15,.mp4,/Volumes/vs05-112016-082017/2016-11-november/11-18-2016/edits,18:27:18,UTC,17.8178,37933799,17031866,"mov,mp4,m4a,3gp,3g2,mj2",QuickTime / MOV
charrednumbergamesOnlyEnhancedByBlindness,11,19,2016,Dec,Thursday,2016 ,22,.mp4,/Volumes/vs05-112016-082017/2016-11-november/11-19-2016/edits,19:49:03,UTC,25.191833,52874254,16790919,"mov,mp4,m4a,3gp,3g2,mj2",QuickTime / MOV
humansingroupsZombieComputerWarMachine,11,19,2016,Dec,Thursday,2016 ,22,.mp4,/Volumes/vs05-112016-082017/2016-11-november/11-19-2016/edits,19:51:26,UTC,19.552867,43146032,17653076,"mov,mp4,m4a,3gp,3g2,mj2",QuickTime / MOV
idlingEscapePods,11,19,2016,Dec,Thursday,2016 ,22,.mp4,/Volumes/vs05-112016-082017/2016-11-november/11-19-2016/edits,19:57:00,UTC,33.767067,72659478,17214282,"mov,mp4,m4a,3gp,3g2,mj2",QuickTime / MOV
lookingdownIntoTheVoidOfTechnologicalPersonalities,11,19,2016,Dec,Thursday,2016 ,22,.mp4,/Volumes/vs05-112016-082017/2016-11-november/11-19-2016/edits,19:54:56,UTC,38.972267,83447762,17129670,"mov,mp4,m4a,3gp,3g2,mj2",QuickTime / MOV
manicChristmasCommercials,11,19,2016,Dec,Thursday,2016 ,22,.mp4,/Volumes/vs05-112016-082017/2016-11-november/11-19-2016/edits,19:49:28,UTC,6.072733,14169450,18666323,"mov,mp4,m4a,3gp,3g2,mj2",QuickTime / MOV
manicChristmasCommercials2,11,19,2016,Dec,Thursday,2016 ,22,.mp4,/Volumes/vs05-112016-082017/2016-11-november/11-19-2016/edits,19:50:14,UTC,12.545867,30977171,19752908,"mov,mp4,m4a,3gp,3g2,mj2",QuickTime / MOV
overdiffusedOncomingTrafficLullaby,11,19,2016,Dec,Thursday,2016 ,22,.mp4,/Volumes/vs05-112016-082017/2016-11-november/11-19-2016/edits,19:52:34,UTC,18.151467,39359062,17346944,"mov,mp4,m4a,3gp,3g2,mj2",QuickTime / MOV
patiencepanesWatiForTheWobble,11,19,2016,Dec,Thursday,2016 ,22,.mp4,/Volumes/vs05-112016-082017/2016-11-november/11-19-2016/edits,19:45:36,UTC,17.2172,37898374,17609541,"mov,mp4,m4a,3gp,3g2,mj2",QuickTime / MOV
theleavesBeyondDigitalWinter,11,19,2016,Dec,Thursday,2016 ,22,.mp4,/Volumes/vs05-112016-082017/2016-11-november/11-19-2016/edits,19:47:30,UTC,26.559867,58255414,17546899,"mov,mp4,m4a,3gp,3g2,mj2",QuickTime / MOV
variedreligiousPewPortal,11,19,2016,Dec,Thursday,2016 ,22,.mp4,/Volumes/vs05-112016-082017/2016-11-november/11-19-2016/edits,19:45:55,UTC,4.170833,9454693,18134877,"mov,mp4,m4a,3gp,3g2,mj2",QuickTime / MOV
artlostWhiteoutSpill,11,20,2016,Nov,Wednesday,2016 ,23,.mp4,/Volumes/vs05-112016-082017/2016-11-november/11-20-2016/edits,22:04:48,UTC,29.763067,61552154,16544572,"mov,mp4,m4a,3gp,3g2,mj2",QuickTime / MOV
fallingdebrisLeftoverFromConfusion,11,21,2016,Nov,Wednesday,2016 ,23,.mp4,/Volumes/vs05-112016-082017/2016-11-november/11-21-2016/edits,21:52:22,UTC,29.596233,61749666,16691223,"mov,mp4,m4a,3gp,3g2,mj2",QuickTime / MOV
gettingreadyForDailyExpeditions,11,21,2016,Nov,Wednesday,2016 ,23,.mp4,/Volumes/vs05-112016-082017/2016-11-november/11-21-2016/edits,21:53:14,UTC,24.7247,55784814,18049906,"mov,mp4,m4a,3gp,3g2,mj2",QuickTime / MOV
gracefulbentfoliageHiddenByDusk,11,21,2016,Nov,Wednesday,2016 ,23,.mp4,/Volumes/vs05-112016-082017/2016-11-november/11-21-2016/edits,22:02:05,UTC,62.595867,132026059,16873453,"mov,mp4,m4a,3gp,3g2,mj2",QuickTime / MOV
miscrackedEggs,11,21,2016,Nov,Wednesday,2016 ,23,.mp4,/Volumes/vs05-112016-082017/2016-11-november/11-21-2016/edits,21:53:26,UTC,4.1041,9870892,19241036,"mov,mp4,m4a,3gp,3g2,mj2",QuickTime / MOV
roundedRealizations,11,21,2016,Nov,Wednesday,2016 ,23,.mp4,/Volumes/vs05-112016-082017/2016-11-november/11-21-2016/edits,21:55:34,UTC,16.1161,35631814,17687561,"mov,mp4,m4a,3gp,3g2,mj2",QuickTime / MOV
seethingandseepingEmotionsThatAreInevitable,11,21,2016,Nov,Wednesday,2016 ,23,.mp4,/Volumes/vs05-112016-082017/2016-11-november/11-21-2016/edits,21:57:04,UTC,23.390033,46324843,15844301,"mov,mp4,m4a,3gp,3g2,mj2",QuickTime / MOV
slidingdownBetweenSnowHeaps,11,21,2016,Nov,Wednesday,2016 ,23,.mp4,/Volumes/vs05-112016-082017/2016-11-november/11-21-2016/edits,22:03:54,UTC,56.4564,116081563,16449020,"mov,mp4,m4a,3gp,3g2,mj2",QuickTime / MOV
spotlightAmericanProcess,11,21,2016,Nov,Wednesday,2016 ,23,.mp4,/Volumes/vs05-112016-082017/2016-11-november/11-21-2016/edits,21:54:59,UTC,7.273933,15011410,16509813,"mov,mp4,m4a,3gp,3g2,mj2",QuickTime / MOV
systemThrow,11,21,2016,Nov,Wednesday,2016 ,23,.mp4,/Volumes/vs05-112016-082017/2016-11-november/11-21-2016/edits,21:54:45,UTC,12.1121,26221442,17319171,"mov,mp4,m4a,3gp,3g2,mj2",QuickTime / MOV
theartifactsThatMakeUpThePlume,11,21,2016,Nov,Wednesday,2016 ,23,.mp4,/Volumes/vs05-112016-082017/2016-11-november/11-21-2016/edits,21:50:51,UTC,184.184,366844283,15933817,"mov,mp4,m4a,3gp,3g2,mj2",QuickTime / MOV
theeggSpreadingAndCrisping,11,21,2016,Nov,Wednesday,2016 ,23,.mp4,/Volumes/vs05-112016-082017/2016-11-november/11-21-2016/edits,21:54:21,UTC,28.461767,65203442,18327306,"mov,mp4,m4a,3gp,3g2,mj2",QuickTime / MOV
thetimelessdripFromBarbWireBushes,11,21,2016,Nov,Wednesday,2016 ,23,.mp4,/Volumes/vs05-112016-082017/2016-11-november/11-21-2016/edits,22:00:17,UTC,90.123367,208458089,18504243,"mov,mp4,m4a,3gp,3g2,mj2",QuickTime / MOV
tornbetweenTheRolesInTime,11,21,2016,Nov,Wednesday,2016 ,23,.mp4,/Volumes/vs05-112016-082017/2016-11-november/11-21-2016/edits,21:56:20,UTC,24.557867,57809447,18832074,"mov,mp4,m4a,3gp,3g2,mj2",QuickTime / MOV
unbiasedReaper,11,21,2016,Nov,Wednesday,2016 ,23,.mp4,/Volumes/vs05-112016-082017/2016-11-november/11-21-2016/edits,21:57:47,UTC,19.7197,46506109,18866862,"mov,mp4,m4a,3gp,3g2,mj2",QuickTime / MOV
bankwalkBossTalk,11,23,2016,Nov,Wednesday,2016 ,23,.mp4,/Volumes/vs05-112016-082017/2016-11-november/11-23-2016/edits,21:45:45,UTC,5.071733,11172130,17622583,"mov,mp4,m4a,3gp,3g2,mj2",QuickTime / MOV
behindTheLines,11,23,2016,Nov,Wednesday,2016 ,23,.mp4,/Volumes/vs05-112016-082017/2016-11-november/11-23-2016/edits,21:27:59,UTC,26.794667,59210158,17678191,"mov,mp4,m4a,3gp,3g2,mj2",QuickTime / MOV
burnoutRainbow1,11,23,2016,Nov,Wednesday,2016 ,23,.mp4,/Volumes/vs05-112016-082017/2016-11-november/11-23-2016/edits,21:41:41,UTC,11.177833,27626160,19772104,"mov,mp4,m4a,3gp,3g2,mj2",QuickTime / MOV
burnoutRainbow2,11,23,2016,Nov,Wednesday,2016 ,23,.mp4,/Volumes/vs05-112016-082017/2016-11-november/11-23-2016/edits,21:43:22,UTC,54.9549,111481530,16228802,"mov,mp4,m4a,3gp,3g2,mj2",QuickTime / MOV
crtDrain1,11,23,2016,Nov,Wednesday,2016 ,23,.mp4,/Volumes/vs05-112016-082017/2016-11-november/11-23-2016/edits,21:34:14,UTC,20.8208,46442013,17844468,"mov,mp4,m4a,3gp,3g2,mj2",QuickTime / MOV
crtDrain2,11,23,2016,Nov,Wednesday,2016 ,23,.mp4,/Volumes/vs05-112016-082017/2016-11-november/11-23-2016/edits,21:35:20,UTC,31.965267,73240255,18329959,"mov,mp4,m4a,3gp,3g2,mj2",QuickTime / MOV
daydreamingClouds,11,23,2016,Nov,Wednesday,2016 ,23,.mp4,/Volumes/vs05-112016-082017/2016-11-november/11-23-2016/edits,21:39:22,UTC,55.722333,137139342,19688959,"mov,mp4,m4a,3gp,3g2,mj2",QuickTime / MOV
dirtEncrustedSnow,11,23,2016,Nov,Wednesday,2016 ,23,.mp4,/Volumes/vs05-112016-082017/2016-11-november/11-23-2016/edits,21:26:13,UTC,23.829333,52875769,17751489,"mov,mp4,m4a,3gp,3g2,mj2",QuickTime / MOV
fallingawayGravityPullingYouDown,11,23,2016,Nov,Wednesday,2016 ,23,.mp4,/Volumes/vs05-112016-082017/2016-11-november/11-23-2016/edits,21:10:18,UTC,11.946667,25956283,17381439,"mov,mp4,m4a,3gp,3g2,mj2",QuickTime / MOV
friedApple2,11,23,2016,Nov,Wednesday,2016 ,23,.mp4,/Volumes/vs05-112016-082017/2016-11-november/11-23-2016/edits,21:12:02,UTC,59.477333,128274492,17253563,"mov,mp4,m4a,3gp,3g2,mj2",QuickTime / MOV
gettingreadytoaccomplishUnknownDreams,11,23,2016,Nov,Wednesday,2016 ,23,.mp4,/Volumes/vs05-112016-082017/2016-11-november/11-23-2016/edits,21:09:00,UTC,40.085333,84341844,16832459,"mov,mp4,m4a,3gp,3g2,mj2",QuickTime / MOV
ghostsInTheSnow,11,23,2016,Nov,Wednesday,2016 ,23,.mp4,/Volumes/vs05-112016-082017/2016-11-november/11-23-2016/edits,21:24:50,UTC,72.085333,148279486,16455995,"mov,mp4,m4a,3gp,3g2,mj2",QuickTime / MOV
hurricaneCreationProcess,11,23,2016,Nov,Wednesday,2016 ,23,.mp4,/Volumes/vs05-112016-082017/2016-11-november/11-23-2016/edits,21:41:05,UTC,51.284567,103978040,16219778,"mov,mp4,m4a,3gp,3g2,mj2",QuickTime / MOV
kittingerJump,11,23,2016,Nov,Wednesday,2016 ,23,.mp4,/Volumes/vs05-112016-082017/2016-11-november/11-23-2016/edits,21:45:15,UTC,22.3223,48228792,17284524,"mov,mp4,m4a,3gp,3g2,mj2",QuickTime / MOV
mossSnow,11,23,2016,Nov,Wednesday,2016 ,23,.mp4,/Volumes/vs05-112016-082017/2016-11-november/11-23-2016/edits,21:29:07,UTC,22.3223,53536485,19186727,"mov,mp4,m4a,3gp,3g2,mj2",QuickTime / MOV
overTheThreshold,11,23,2016,Nov,Wednesday,2016 ,23,.mp4,/Volumes/vs05-112016-082017/2016-11-november/11-23-2016/edits,21:45:36,UTC,8.842167,19097577,17278639,"mov,mp4,m4a,3gp,3g2,mj2",QuickTime / MOV
purplePaused,11,23,2016,Nov,Wednesday,2016 ,23,.mp4,/Volumes/vs05-112016-082017/2016-11-november/11-23-2016/edits,21:27:05,UTC,29.845333,73623004,19734543,"mov,mp4,m4a,3gp,3g2,mj2",QuickTime / MOV
purpleripplesThoughtsIncluded,11,23,2016,Nov,Wednesday,2016 ,23,.mp4,/Volumes/vs05-112016-082017/2016-11-november/11-23-2016/edits,21:33:24,UTC,34.9349,71875954,16459403,"mov,mp4,m4a,3gp,3g2,mj2",QuickTime / MOV
screenDrippingWithJam,11,23,2016,Nov,Wednesday,2016 ,23,.mp4,/Volumes/vs05-112016-082017/2016-11-november/11-23-2016/edits,21:20:12,UTC,127.765333,286725781,17953275,"mov,mp4,m4a,3gp,3g2,mj2",QuickTime / MOV
snowyChannel,11,23,2016,Nov,Wednesday,2016 ,23,.mp4,/Volumes/vs05-112016-082017/2016-11-november/11-23-2016/edits,21:22:44,UTC,55.808,141446301,20276132,"mov,mp4,m4a,3gp,3g2,mj2",QuickTime / MOV
staticRowFolds,11,23,2016,Nov,Wednesday,2016 ,23,.mp4,/Volumes/vs05-112016-082017/2016-11-november/11-23-2016/edits,21:16:34,UTC,78.293333,172612195,17637485,"mov,mp4,m4a,3gp,3g2,mj2",QuickTime / MOV
strainedSuccession,11,23,2016,Nov,Wednesday,2016 ,23,.mp4,/Volumes/vs05-112016-082017/2016-11-november/11-23-2016/edits,21:44:28,UTC,24.5245,61547257,20076986,"mov,mp4,m4a,3gp,3g2,mj2",QuickTime / MOV
thesurgeonReconnectingArteries,11,23,2016,Nov,Wednesday,2016 ,23,.mp4,/Volumes/vs05-112016-082017/2016-11-november/11-23-2016/edits,21:37:12,UTC,62.328933,125856434,16153837,"mov,mp4,m4a,3gp,3g2,mj2",QuickTime / MOV
theyellowdripLongingForSanity,11,23,2016,Nov,Wednesday,2016 ,23,.mp4,/Volumes/vs05-112016-082017/2016-11-november/11-23-2016/edits,21:32:00,UTC,93.560133,197926352,16923990,"mov,mp4,m4a,3gp,3g2,mj2",QuickTime / MOV
virsuseatenCPU,11,23,2016,Nov,Wednesday,2016 ,23,.mp4,/Volumes/vs05-112016-082017/2016-11-november/11-23-2016/edits,21:13:11,UTC,41.642667,86316106,16582243,"mov,mp4,m4a,3gp,3g2,mj2",QuickTime / MOV
virusInProgress,11,23,2016,Nov,Wednesday,2016 ,23,.mp4,/Volumes/vs05-112016-082017/2016-11-november/11-23-2016/edits,21:14:17,UTC,37.952,83879865,17681253,"mov,mp4,m4a,3gp,3g2,mj2",QuickTime / MOV
weatherballoonElevation,11,23,2016,Nov,Wednesday,2016 ,23,.mp4,/Volumes/vs05-112016-082017/2016-11-november/11-23-2016/edits,21:09:51,UTC,26.474667,54630978,16508151,"mov,mp4,m4a,3gp,3g2,mj2",QuickTime / MOV
3rdgradeTownFair,11,28,2016,Dec,Thursday,2016 ,22,.mp4,/Volumes/vs05-112016-082017/2016-11-november/11-28-2016/edits,20:13:57,UTC,44.277567,102113238,18449656,"mov,mp4,m4a,3gp,3g2,mj2",QuickTime / MOV
atrophiedclothcablingTryingToReconnectWithDefunctsightsystem,11,28,2016,Dec,Thursday,2016 ,22,.mp4,/Volumes/vs05-112016-082017/2016-11-november/11-28-2016/edits,20:11:10,UTC,6.006,13187479,17565739,"mov,mp4,m4a,3gp,3g2,mj2",QuickTime / MOV
quickreactionThoughtReallocatedBasedOnAnalysis,11,28,2016,Dec,Thursday,2016 ,22,.mp4,/Volumes/vs05-112016-082017/2016-11-november/11-28-2016/edits,20:10:45,UTC,17.150467,36782000,17157317,"mov,mp4,m4a,3gp,3g2,mj2",QuickTime / MOV
Sequence 01,11,30,2016,Dec,Thursday,2016 ,01,.mp4,/Volumes/vs05-112016-082017/2016-11-november/11-30-2016/edits,09:47:36,UTC,19.586233,46005044,18790767,"mov,mp4,m4a,3gp,3g2,mj2",QuickTime / MOV
anxioustimekeeperCreatingInsomnia,11,30,2016,Dec,Thursday,2016 ,01,.mp4,/Volumes/vs05-112016-082017/2016-11-november/11-30-2016/edits,09:44:08,UTC,22.7227,46810603,16480648,"mov,mp4,m4a,3gp,3g2,mj2",QuickTime / MOV
compoundingPharmacy,11,30,2016,Dec,Thursday,2016 ,01,.mp4,/Volumes/vs05-112016-082017/2016-11-november/11-30-2016/edits,09:52:22,UTC,6.3063,13820651,17532500,"mov,mp4,m4a,3gp,3g2,mj2",QuickTime / MOV
consciouslysplittingPersonalityBasedOnPosition,11,30,2016,Dec,Thursday,2016 ,01,.mp4,/Volumes/vs05-112016-082017/2016-11-november/11-30-2016/edits,09:44:24,UTC,7.640967,16524686,17301146,"mov,mp4,m4a,3gp,3g2,mj2",QuickTime / MOV
fusilladePastelMissileImpact,11,30,2016,Dec,Thursday,2016 ,01,.mp4,/Volumes/vs05-112016-082017/2016-11-november/11-30-2016/edits,09:52:03,UTC,59.392667,121089359,16310344,"mov,mp4,m4a,3gp,3g2,mj2",QuickTime / MOV
fuzzybubblesSuffocatedSweaters,11,30,2016,Dec,Thursday,2016 ,01,.mp4,/Volumes/vs05-112016-082017/2016-11-november/11-30-2016/edits,09:46:56,UTC,45.979267,107988866,18789140,"mov,mp4,m4a,3gp,3g2,mj2",QuickTime / MOV
oilSplash&Rub,11,30,2016,Dec,Thursday,2016 ,01,.mp4,/Volumes/vs05-112016-082017/2016-11-november/11-30-2016/edits,09:49:08,UTC,41.274567,85412133,16554917,"mov,mp4,m4a,3gp,3g2,mj2",QuickTime / MOV
optionsSummerSlush,11,30,2016,Dec,Thursday,2016 ,01,.mp4,/Volumes/vs05-112016-082017/2016-11-november/11-30-2016/edits,09:50:31,UTC,52.819433,107482345,16279212,"mov,mp4,m4a,3gp,3g2,mj2",QuickTime / MOV
puzzledByThePandering,11,30,2016,Dec,Thursday,2016 ,01,.mp4,/Volumes/vs05-112016-082017/2016-11-november/11-30-2016/edits,09:45:31,UTC,4.037367,8799040,17435204,"mov,mp4,m4a,3gp,3g2,mj2",QuickTime / MOV
redscareSplatterhouse,11,30,2016,Dec,Thursday,2016 ,01,.mp4,/Volumes/vs05-112016-082017/2016-11-november/11-30-2016/edits,09:48:05,UTC,17.150467,35895389,16743748,"mov,mp4,m4a,3gp,3g2,mj2",QuickTime / MOV
slowmoswabbingBacteriaInHospitals,11,30,2016,Dec,Thursday,2016 ,01,.mp4,/Volumes/vs05-112016-082017/2016-11-november/11-30-2016/edits,09:45:21,UTC,35.8358,72731226,16236551,"mov,mp4,m4a,3gp,3g2,mj2",QuickTime / MOV
